year,team,name,salary,payroll,# of players,# of top 20
2003,Anenheim Angels,Appier Kevin,11500000,79031664,27,5
2003,Anenheim Angels,Salmon Tim,9900000,79031664,27,5
2003,Anenheim Angels,Sele Aaron,8166667,79031664,27,5
2003,Anenheim Angels,Percival Troy,7833333,79031664,27,5
2003,Anenheim Angels,Erstad Darin,7250000,79031664,27,5
2003,Anenheim Angels,Glaus Troy,7250000,79031664,27,5
2003,Anenheim Angels,Anderson Garret,5350000,79031664,27,5
2003,Anenheim Angels,Spiezio Scott,4250000,79031664,27,5
2003,Anenheim Angels,Washburn Jarrod,3875000,79031664,27,5
2003,Anenheim Angels,Kennedy Adam,2270000,79031664,27,5
2003,Anenheim Angels,Ortiz Ramon,2266667,79031664,27,5
2003,Anenheim Angels,Molina Bengie,1425000,79031664,27,5
2003,Anenheim Angels,Schoeneweis Scott,1425000,79031664,27,5
2003,Anenheim Angels,Fullmer Brad,1000000,79031664,27,5
2003,Anenheim Angels,Owens Eric,925000,79031664,27,5
2003,Anenheim Angels,Gil Benji,725000,79031664,27,5
2003,Anenheim Angels,Eckstein David,425000,79031664,27,5
2003,Anenheim Angels,Weber Ben,375000,79031664,27,5
2003,Anenheim Angels,Wooten Shawn,337500,79031664,27,5
2003,Anenheim Angels,Donnelly Brendan,325000,79031664,27,5
2003,Anenheim Angels,Molina Jose,320000,79031664,27,5
2003,Anenheim Angels,Lackey John,315000,79031664,27,5
2003,Anenheim Angels,Rodriguez Francisco,312500,79031664,27,5
2003,Anenheim Angels,Shields Scot,305000,79031664,27,5
2003,Anenheim Angels,Callaway Mickey,302500,79031664,27,5
2003,Anenheim Angels,Wise Matt,302500,79031664,27,5
2003,Anenheim Angels,Ramirez Julio,300000,79031664,27,5
2003,Arizona Diamondbacks,Johnson Randy,15000000,80657000,25,5
2003,Arizona Diamondbacks,Williams Matt,10000000,80657000,25,5
2003,Arizona Diamondbacks,Schilling Curt,10000000,80657000,25,5
2003,Arizona Diamondbacks,Mantei Matt,7083333,80657000,25,5
2003,Arizona Diamondbacks,Womack Tony,6000000,80657000,25,5
2003,Arizona Diamondbacks,Finley Steve,4250000,80657000,25,5
2003,Arizona Diamondbacks,Gonzalez Luis,4000000,80657000,25,5
2003,Arizona Diamondbacks,Batista Miguel,3375000,80657000,25,5
2003,Arizona Diamondbacks,Kim Byung-hyun,3250000,80657000,25,5
2003,Arizona Diamondbacks,Bautista Danny,3000000,80657000,25,5
2003,Arizona Diamondbacks,Dessens Elmer,3000000,80657000,25,5
2003,Arizona Diamondbacks,Counsell Craig,2516667,80657000,25,5
2003,Arizona Diamondbacks,Myers Mike,1750000,80657000,25,5
2003,Arizona Diamondbacks,Grace Mark,1750000,80657000,25,5
2003,Arizona Diamondbacks,McCracken Quinton,1750000,80657000,25,5
2003,Arizona Diamondbacks,Dellucci David,900000,80657000,25,5
2003,Arizona Diamondbacks,Baerga Carlos,500000,80657000,25,5
2003,Arizona Diamondbacks,Spivey Junior,432000,80657000,25,5
2003,Arizona Diamondbacks,Prinz Bret,300000,80657000,25,5
2003,Arizona Diamondbacks,Moeller Chad,300000,80657000,25,5
2003,Arizona Diamondbacks,Villarreal Oscar,300000,80657000,25,5
2003,Arizona Diamondbacks,Overbay Lyle,300000,80657000,25,5
2003,Arizona Diamondbacks,Koplove Mike,300000,80657000,25,5
2003,Arizona Diamondbacks,Randolph Stephen,300000,80657000,25,5
2003,Arizona Diamondbacks,Barajas Rod,300000,80657000,25,5
2003,Atlanta Braves,Maddux Greg,14750000,106243664,27,5
2003,Atlanta Braves,Hampton Mike,13625000,106243664,27,5
2003,Atlanta Braves,Jones Chipper,13333333,106243664,27,5
2003,Atlanta Braves,Jones Andruw,12000000,106243664,27,5
2003,Atlanta Braves,Sheffield Gary,11416667,106243664,27,5
2003,Atlanta Braves,Smoltz John,10666667,106243664,27,5
2003,Atlanta Braves,Lopez Javy,7000000,106243664,27,5
2003,Atlanta Braves,Castilla Vinny,5000000,106243664,27,5
2003,Atlanta Braves,Ortiz Russ,4662500,106243664,27,5
2003,Atlanta Braves,Byrd Paul,3000000,106243664,27,5
2003,Atlanta Braves,Furcal Rafael,2200000,106243664,27,5
2003,Atlanta Braves,Blanco Henry,1300000,106243664,27,5
2003,Atlanta Braves,Fick Robert,1000000,106243664,27,5
2003,Atlanta Braves,Franco Matt,800000,106243664,27,5
2003,Atlanta Braves,Holmes Darren,700000,106243664,27,5
2003,Atlanta Braves,Franco Julio,600000,106243664,27,5
2003,Atlanta Braves,King Ray,600000,106243664,27,5
2003,Atlanta Braves,Hernandez Roberto,600000,106243664,27,5
2003,Atlanta Braves,Bragg Darren,450000,106243664,27,5
2003,Atlanta Braves,Marquis Jason,368000,106243664,27,5
2003,Atlanta Braves,De Rosa Mark,340000,106243664,27,5
2003,Atlanta Braves,Giles Marcus,316500,106243664,27,5
2003,Atlanta Braves,Gryboski Kevin,315000,106243664,27,5
2003,Atlanta Braves,Hodges Trey,300000,106243664,27,5
2003,Atlanta Braves,Ramirez Horacio,300000,106243664,27,5
2003,Atlanta Braves,Bong Jung,300000,106243664,27,5
2003,Atlanta Braves,Dawley Joey,300000,106243664,27,5
2003,Baltimore Orioles,Belle Albert,13000000,73877504,29,5
2003,Baltimore Orioles,Erickson Scott,7030000,73877504,29,5
2003,Baltimore Orioles,Segui David,7000000,73877504,29,5
2003,Baltimore Orioles,Batista Tony,6400000,73877504,29,5
2003,Baltimore Orioles,Conine Jeff,4250000,73877504,29,5
2003,Baltimore Orioles,Ponson Sidney,4250000,73877504,29,5
2003,Baltimore Orioles,Roberts Willis,3500000,73877504,29,5
2003,Baltimore Orioles,Fordyce Brook,3500000,73877504,29,5
2003,Baltimore Orioles,Cordova Marty,3100000,73877504,29,5
2003,Baltimore Orioles,Groom Buddy,3000000,73877504,29,5
2003,Baltimore Orioles,Daal Omar,3000000,73877504,29,5
2003,Baltimore Orioles,Johnson Jason,2900000,73877504,29,5
2003,Baltimore Orioles,Mora Melvin,1725000,73877504,29,5
2003,Baltimore Orioles,Hairston Jerry,1550000,73877504,29,5
2003,Baltimore Orioles,Hentgen Pat,1200000,73877504,29,5
2003,Baltimore Orioles,Ligtenberg Kerry,1200000,73877504,29,5
2003,Baltimore Orioles,Cruz Deivi,1000000,73877504,29,5
2003,Baltimore Orioles,Helling Rick,1000000,73877504,29,5
2003,Baltimore Orioles,Surhoff BJ,1000000,73877504,29,5
2003,Baltimore Orioles,Matthews Gary,900000,73877504,29,5
2003,Baltimore Orioles,Ryan BJ,762500,73877504,29,5
2003,Baltimore Orioles,Gibbons Jay,375000,73877504,29,5
2003,Baltimore Orioles,Julio Jorge,350000,73877504,29,5
2003,Baltimore Orioles,Gil Geronimo,330000,73877504,29,5
2003,Baltimore Orioles,Bauer Rick,325000,73877504,29,5
2003,Baltimore Orioles,Lopez Rodrigo,325000,73877504,29,5
2003,Baltimore Orioles,Leon Jose,305000,73877504,29,5
2003,Baltimore Orioles,Bedard Erik,300000,73877504,29,5
2003,Baltimore Orioles,Morban Jose,300000,73877504,29,5
2003,Boston Red Sox,Ramirez Manny,20000000,99946496,27,5
2003,Boston Red Sox,Martinez Pedro,15500000,99946496,27,5
2003,Boston Red Sox,Garciaparra Nomar,11000000,99946496,27,5
2003,Boston Red Sox,Damon Johnny,7500000,99946496,27,5
2003,Boston Red Sox,Burkett John,5500000,99946496,27,5
2003,Boston Red Sox,Varitek Jason,4700000,99946496,27,5
2003,Boston Red Sox,Wakefield Tim,4000000,99946496,27,5
2003,Boston Red Sox,Nixon Trot,4000000,99946496,27,5
2003,Boston Red Sox,Lowe Derek,3625000,99946496,27,5
2003,Boston Red Sox,Walker Todd,3450000,99946496,27,5
2003,Boston Red Sox,Embree Alan,3000000,99946496,27,5
2003,Boston Red Sox,Mendoza Ramiro,2900000,99946496,27,5
2003,Boston Red Sox,Mueller Bill,2100000,99946496,27,5
2003,Boston Red Sox,Millar Kevin,2000000,99946496,27,5
2003,Boston Red Sox,Giambi Jeremy,2000000,99946496,27,5
2003,Boston Red Sox,Timlin Mike,1850000,99946496,27,5
2003,Boston Red Sox,Howry Bobby,1700000,99946496,27,5
2003,Boston Red Sox,Ortiz David,1250000,99946496,27,5
2003,Boston Red Sox,Mirabelli Doug,805000,99946496,27,5
2003,Boston Red Sox,Jackson Damian,625000,99946496,27,5
2003,Boston Red Sox,Fox Chad,500000,99946496,27,5
2003,Boston Red Sox,Hillenbrand Shea,407500,99946496,27,5
2003,Boston Red Sox,Fossum Casey,324500,99946496,27,5
2003,Boston Red Sox,Lyon Brandon,309500,99946496,27,5
2003,Boston Red Sox,Gonzalez Dicky,300000,99946496,27,5
2003,Boston Red Sox,Person Robert,300000,99946496,27,5
2003,Boston Red Sox,White Matt,300000,99946496,27,5
2003,Chicago Cubs,Sosa Sammy,16000000,79868336,28,5
2003,Chicago Cubs,Alou Moises,9500000,79868336,28,5
2003,Chicago Cubs,Karros Eric,8375000,79868336,28,5
2003,Chicago Cubs,Wood Kerry,6190000,79868336,28,5
2003,Chicago Cubs,Gonzalez Alex,5750000,79868336,28,5
2003,Chicago Cubs,Grudzielanek Mark,5500000,79868336,28,5
2003,Chicago Cubs,Clement Matt,4000000,79868336,28,5
2003,Chicago Cubs,Alfonseca Antonio,4000000,79868336,28,5
2003,Chicago Cubs,Estes Shawn,3000000,79868336,28,5
2003,Chicago Cubs,Miller Damian,2700000,79868336,28,5
2003,Chicago Cubs,Remlinger Mike,2633333,79868336,28,5
2003,Chicago Cubs,Veres Dave,2000000,79868336,28,5
2003,Chicago Cubs,Guthrie Mark,1600000,79868336,28,5
2003,Chicago Cubs,Prior Mark,1450000,79868336,28,5
2003,Chicago Cubs,Harris Lenny,800000,79868336,28,5
2003,Chicago Cubs,Martinez Ramon,800000,79868336,28,5
2003,Chicago Cubs,Bako Paul,750000,79868336,28,5
2003,Chicago Cubs,O'Leary Troy,750000,79868336,28,5
2003,Chicago Cubs,Goodwin Tom,635000,79868336,28,5
2003,Chicago Cubs,Farnsworth Kyle,600000,79868336,28,5
2003,Chicago Cubs,Bellhorn Mark,465000,79868336,28,5
2003,Chicago Cubs,Borowski Joe,410000,79868336,28,5
2003,Chicago Cubs,Patterson Corey,365000,79868336,28,5
2003,Chicago Cubs,Zambrano Carlos,340000,79868336,28,5
2003,Chicago Cubs,Cruz Juan,340000,79868336,28,5
2003,Chicago Cubs,Choi Hee Seop,305000,79868336,28,5
2003,Chicago Cubs,Chiasson Scott,305000,79868336,28,5
2003,Chicago Cubs,Ohman Will,305000,79868336,28,5
2003,Chicago White Sox,Ordonez Magglio,9000000,51010000,26,5
2003,Chicago White Sox,Colon Bartolo,8250000,51010000,26,5
2003,Chicago White Sox,Konerko Paul,6250000,51010000,26,5
2003,Chicago White Sox,Thomas Frank,5000000,51010000,26,5
2003,Chicago White Sox,Valentin Jose,5000000,51010000,26,5
2003,Chicago White Sox,Koch Billy,4250000,51010000,26,5
2003,Chicago White Sox,Lee Carlos,4200000,51010000,26,5
2003,Chicago White Sox,Gordon Tom,1400000,51010000,26,5
2003,Chicago White Sox,Alomar Jr Sandy,700000,51010000,26,5
2003,Chicago White Sox,Graffanino Tony,675000,51010000,26,5
2003,Chicago White Sox,White Rick,600000,51010000,26,5
2003,Chicago White Sox,Wunsch Kelly,575000,51010000,26,5
2003,Chicago White Sox,Loaiza Esteban,500000,51010000,26,5
2003,Chicago White Sox,Daubach Brian,450000,51010000,26,5
2003,Chicago White Sox,Rios Armando,450000,51010000,26,5
2003,Chicago White Sox,Buehrle Mark,445000,51010000,26,5
2003,Chicago White Sox,Garland Jon,375000,51010000,26,5
2003,Chicago White Sox,Jimenez D'Angelo,345000,51010000,26,5
2003,Chicago White Sox,Glover Gary,330000,51010000,26,5
2003,Chicago White Sox,Marte Damaso,330000,51010000,26,5
2003,Chicago White Sox,Paul Josh,325000,51010000,26,5
2003,Chicago White Sox,Wright Danny,325000,51010000,26,5
2003,Chicago White Sox,Rowand Aaron,320000,51010000,26,5
2003,Chicago White Sox,Crede Joe,315000,51010000,26,5
2003,Chicago White Sox,Stewart Josh,300000,51010000,26,5
2003,Chicago White Sox,Olivo Miguel,300000,51010000,26,5
2003,Cincinnati Reds,Griffey Jr Ken,12500000,59355668,28,5
2003,Cincinnati Reds,Larkin Barry,9000000,59355668,28,5
2003,Cincinnati Reds,Casey Sean,5600000,59355668,28,5
2003,Cincinnati Reds,Graves Danny,5000000,59355668,28,5
2003,Cincinnati Reds,Boone Aaron,3700000,59355668,28,5
2003,Cincinnati Reds,White Gabe,3316667,59355668,28,5
2003,Cincinnati Reds,Dempster Ryan,3250000,59355668,28,5
2003,Cincinnati Reds,Sullivan Scott,2800000,59355668,28,5
2003,Cincinnati Reds,Haynes Jimmy,2500000,59355668,28,5
2003,Cincinnati Reds,Williamson Scott,1600000,59355668,28,5
2003,Cincinnati Reds,Stinnett Kelly,1300000,59355668,28,5
2003,Cincinnati Reds,LaRue Jason,1250000,59355668,28,5
2003,Cincinnati Reds,Castro Juan,800000,59355668,28,5
2003,Cincinnati Reds,Pena Wily,788000,59355668,28,5
2003,Cincinnati Reds,Heredia Felix,600000,59355668,28,5
2003,Cincinnati Reds,Anderson Jimmy,600000,59355668,28,5
2003,Cincinnati Reds,Mercker Kent,550000,59355668,28,5
2003,Cincinnati Reds,Wilson Paul,500000,59355668,28,5
2003,Cincinnati Reds,Manzanillo Josias,500000,59355668,28,5
2003,Cincinnati Reds,Dunn Adam,400000,59355668,28,5
2003,Cincinnati Reds,Branyan Russell,395000,59355668,28,5
2003,Cincinnati Reds,Prokopec Luke,390000,59355668,28,5
2003,Cincinnati Reds,Kearns Austin,350000,59355668,28,5
2003,Cincinnati Reds,Riedling John,350000,59355668,28,5
2003,Cincinnati Reds,Mateo Ruben,340000,59355668,28,5
2003,Cincinnati Reds,Taylor Reggie,334000,59355668,28,5
2003,Cincinnati Reds,Lopez Felipe,334000,59355668,28,5
2003,Cincinnati Reds,Larson Brandon,308000,59355668,28,5
2003,Cleveland Indians,Burks Ellis,7166667,48584832,31,6
2003,Cleveland Indians,Lawton Matt,6750000,48584832,31,6
2003,Cleveland Indians,Wickman Bob,6000000,48584832,31,6
2003,Cleveland Indians,Vizquel Omar,5500000,48584832,31,6
2003,Cleveland Indians,Baez Danys,5125000,48584832,31,6
2003,Cleveland Indians,Gutierrez Ricky,3916667,48584832,31,6
2003,Cleveland Indians,Wohlers Mark,2600000,48584832,31,6
2003,Cleveland Indians,Anderson Brian,1500000,48584832,31,6
2003,Cleveland Indians,Sabathia CC,1100000,48584832,31,6
2003,Cleveland Indians,Bere Jason,1000000,48584832,31,6
2003,Cleveland Indians,Garcia Karim,900000,48584832,31,6
2003,Cleveland Indians,Spencer Shane,600000,48584832,31,6
2003,Cleveland Indians,Santiago Jose,600000,48584832,31,6
2003,Cleveland Indians,Mulholland Terry,500000,48584832,31,6
2003,Cleveland Indians,Laker Tim,400000,48584832,31,6
2003,Cleveland Indians,Blake Casey,330000,48584832,31,6
2003,Cleveland Indians,Selby Bill,325000,48584832,31,6
2003,Cleveland Indians,McDonald John,314400,48584832,31,6
2003,Cleveland Indians,Bradley Milton,314300,48584832,31,6
2003,Cleveland Indians,Riske David,314000,48584832,31,6
2003,Cleveland Indians,Myette Aaron,307500,48584832,31,6
2003,Cleveland Indians,Westbrook Jake,305500,48584832,31,6
2003,Cleveland Indians,Sadler Carl,303200,48584832,31,6
2003,Cleveland Indians,Broussard Ben,303000,48584832,31,6
2003,Cleveland Indians,Rodriguez Ricardo,302400,48584832,31,6
2003,Cleveland Indians,Hafner Travis,302200,48584832,31,6
2003,Cleveland Indians,Bard Josh,302100,48584832,31,6
2003,Cleveland Indians,Davis Jason,301100,48584832,31,6
2003,Cleveland Indians,Phillips Brandon,300900,48584832,31,6
2003,Cleveland Indians,Lee Cliff,300900,48584832,31,6
2003,Cleveland Indians,Traber Billy,300000,48584832,31,6
2003,Colorado Rockies,Walker Larry,12666667,67179664,30,6
2003,Colorado Rockies,Helton Todd,10600000,67179664,30,6
2003,Colorado Rockies,Neagle Denny,9000000,67179664,30,6
2003,Colorado Rockies,Johnson Charles,7000000,67179664,30,6
2003,Colorado Rockies,Wilson Preston,6500000,67179664,30,6
2003,Colorado Rockies,Jimenez Jose,3600000,67179664,30,6
2003,Colorado Rockies,Kapler Gabe,3425000,67179664,30,6
2003,Colorado Rockies,Jones Todd,3000000,67179664,30,6
2003,Colorado Rockies,Payton Jay,1850000,67179664,30,6
2003,Colorado Rockies,Hernandez Jose,1000000,67179664,30,6
2003,Colorado Rockies,Speier Justin,850000,67179664,30,6
2003,Colorado Rockies,Stynes Chris,750000,67179664,30,6
2003,Colorado Rockies,Cruz Nelson,700000,67179664,30,6
2003,Colorado Rockies,Norton Greg,600000,67179664,30,6
2003,Colorado Rockies,Reed Steve,600000,67179664,30,6
2003,Colorado Rockies,Estalella Bobby,500000,67179664,30,6
2003,Colorado Rockies,Belliard Ron,475000,67179664,30,6
2003,Colorado Rockies,Oliver Darren,350000,67179664,30,6
2003,Colorado Rockies,Miceli Dan,350000,67179664,30,6
2003,Colorado Rockies,Jennings Jason,325000,67179664,30,6
2003,Colorado Rockies,Richard Chris,325000,67179664,30,6
2003,Colorado Rockies,Stark Dennis,310000,67179664,30,6
2003,Colorado Rockies,Butler Brent,303000,67179664,30,6
2003,Colorado Rockies,Fuentes Brian,300000,67179664,30,6
2003,Colorado Rockies,Ozuna Pablo,300000,67179664,30,6
2003,Colorado Rockies,Lopez Javier,300000,67179664,30,6
2003,Colorado Rockies,Chacon Shawn,300000,67179664,30,6
2003,Colorado Rockies,Uribe Juan,300000,67179664,30,6
2003,Colorado Rockies,Cook Aaron,300000,67179664,30,6
2003,Colorado Rockies,Elarton Scott,300000,67179664,30,6
2003,Detroit Tigers,Higginson Bobby,11850000,49168000,26,5
2003,Detroit Tigers,Palmer Dean,8500000,49168000,26,5
2003,Detroit Tigers,Young Dmitri,6750000,49168000,26,5
2003,Detroit Tigers,Sparks Steve,4500000,49168000,26,5
2003,Detroit Tigers,Anderson Matt,3200000,49168000,26,5
2003,Detroit Tigers,Paquette Craig,2625000,49168000,26,5
2003,Detroit Tigers,Patterson Danny,2500000,49168000,26,5
2003,Detroit Tigers,Halter Shane,2150000,49168000,26,5
2003,Detroit Tigers,Munson Eric,1700000,49168000,26,5
2003,Detroit Tigers,Walbeck Matt,400000,49168000,26,5
2003,Detroit Tigers,Walker Jamie,360000,49168000,26,5
2003,Detroit Tigers,Kingsale Eugene,340000,49168000,26,5
2003,Detroit Tigers,Bocachica Hiram,325000,49168000,26,5
2003,Detroit Tigers,Inge Brandon,315000,49168000,26,5
2003,Detroit Tigers,Bernero Adam,314000,49168000,26,5
2003,Detroit Tigers,Pena Carlos,310000,49168000,26,5
2003,Detroit Tigers,Maroth Mike,309000,49168000,26,5
2003,Detroit Tigers,Santiago Ramon,307000,49168000,26,5
2003,Detroit Tigers,Spurling Chris,305000,49168000,26,5
2003,Detroit Tigers,Knotts Gary,305000,49168000,26,5
2003,Detroit Tigers,Cornejo Nate,303000,49168000,26,5
2003,Detroit Tigers,Infante Omar,300000,49168000,26,5
2003,Detroit Tigers,Ledezma Wilfredo,300000,49168000,26,5
2003,Detroit Tigers,Bonderman Jeremy,300000,49168000,26,5
2003,Detroit Tigers,German Franklyn,300000,49168000,26,5
2003,Detroit Tigers,Roney Matt,300000,49168000,26,5
2003,Florida Marlins,Rodriguez Ivan,10000000,48750000,27,5
2003,Florida Marlins,Castillo Luis,4850000,48750000,27,5
2003,Florida Marlins,Lee Derrek,4250000,48750000,27,5
2003,Florida Marlins,Lowell Mike,3700000,48750000,27,5
2003,Florida Marlins,Encarnacion Juan,3450000,48750000,27,5
2003,Florida Marlins,Burnett AJ,2500000,48750000,27,5
2003,Florida Marlins,Redman Mark,2150000,48750000,27,5
2003,Florida Marlins,Penny Brad,1875000,48750000,27,5
2003,Florida Marlins,Beckett Josh,1725000,48750000,27,5
2003,Florida Marlins,Gonzalez Alex,1700000,48750000,27,5
2003,Florida Marlins,Looper Braden,1600000,48750000,27,5
2003,Florida Marlins,Pavano Carl,1500000,48750000,27,5
2003,Florida Marlins,Hollandsworth Todd,1500000,48750000,27,5
2003,Florida Marlins,Nunez Vladimir,1400000,48750000,27,5
2003,Florida Marlins,Redmond Mike,1050000,48750000,27,5
2003,Florida Marlins,Pierre Juan,1000000,48750000,27,5
2003,Florida Marlins,Fox Andy,800000,48750000,27,5
2003,Florida Marlins,Almanza Armando,775000,48750000,27,5
2003,Florida Marlins,Mordecai Mike,500000,48750000,27,5
2003,Florida Marlins,Williams Gerald,325000,48750000,27,5
2003,Florida Marlins,Banks Brian,300000,48750000,27,5
2003,Florida Marlins,Castro Ramon,300000,48750000,27,5
2003,Florida Marlins,Wayne Justin,300000,48750000,27,5
2003,Florida Marlins,Phelps Tommy,300000,48750000,27,5
2003,Florida Marlins,Tejera Michael,300000,48750000,27,5
2003,Florida Marlins,Neal Blaine,300000,48750000,27,5
2003,Florida Marlins,Spooneybarger Tim,300000,48750000,27,5
2003,Houston Astros,Bagwell Jeff,13000000,71040000,26,5
2003,Houston Astros,Biggio Craig,9750000,71040000,26,5
2003,Houston Astros,Hidalgo Richard,8500000,71040000,26,5
2003,Houston Astros,Wagner Billy,8000000,71040000,26,5
2003,Houston Astros,Kent Jeff,7500000,71040000,26,5
2003,Houston Astros,Ausmus Brad,5500000,71040000,26,5
2003,Houston Astros,Berkman Lance,3500000,71040000,26,5
2003,Houston Astros,Vizcaino Jose,2000000,71040000,26,5
2003,Houston Astros,Merced Orlando,1700000,71040000,26,5
2003,Houston Astros,Dotel Octavio,1600000,71040000,26,5
2003,Houston Astros,Lugo Julio,1575000,71040000,26,5
2003,Houston Astros,Blum Geoff,1500000,71040000,26,5
2003,Houston Astros,Hunter Brian,1200000,71040000,26,5
2003,Houston Astros,Zaun Gregg,1200000,71040000,26,5
2003,Houston Astros,Chen Bruce,550000,71040000,26,5
2003,Houston Astros,Miller Wade,525000,71040000,26,5
2003,Houston Astros,Oswalt Roy,500000,71040000,26,5
2003,Houston Astros,Moehler Brian,500000,71040000,26,5
2003,Houston Astros,Stone Ricky,325000,71040000,26,5
2003,Houston Astros,Hernandez Carlos,310000,71040000,26,5
2003,Houston Astros,Munro Pete,305000,71040000,26,5
2003,Houston Astros,Lidge Brad,300000,71040000,26,5
2003,Houston Astros,Chavez Raul,300000,71040000,26,5
2003,Houston Astros,Redding Tim,300000,71040000,26,5
2003,Houston Astros,Robertson Jeriome,300000,71040000,26,5
2003,Houston Astros,Ensberg Morgan,300000,71040000,26,5
2003,Kansas City Royals,Sweeney Mike,11000000,40518000,26,5
2003,Kansas City Royals,Beltran Carlos,6000000,40518000,26,5
2003,Kansas City Royals,Randa Joe,4500000,40518000,26,5
2003,Kansas City Royals,Ibanez Raul,3000000,40518000,26,5
2003,Kansas City Royals,Mayne Brent,2750000,40518000,26,5
2003,Kansas City Royals,Tucker Michael,2750000,40518000,26,5
2003,Kansas City Royals,Grimsley Jason,2000000,40518000,26,5
2003,Kansas City Royals,Lopez Albie,1500000,40518000,26,5
2003,Kansas City Royals,Relaford Desi,900000,40518000,26,5
2003,Kansas City Royals,Febles Carlos,775000,40518000,26,5
2003,Kansas City Royals,Difelice Mike,625000,40518000,26,5
2003,Kansas City Royals,May Darrell,450000,40518000,26,5
2003,Kansas City Royals,Asencio Miguel,314000,40518000,26,5
2003,Kansas City Royals,Affeldt Jeremy,313000,40518000,26,5
2003,Kansas City Royals,Wilson Kris,311000,40518000,26,5
2003,Kansas City Royals,Brown Dermal,309500,40518000,26,5
2003,Kansas City Royals,Hernandez Runelvys,305500,40518000,26,5
2003,Kansas City Royals,Bukvich Ryan,304500,40518000,26,5
2003,Kansas City Royals,Berger Brandon,304000,40518000,26,5
2003,Kansas City Royals,George Chris,303500,40518000,26,5
2003,Kansas City Royals,Berroa Angel,302000,40518000,26,5
2003,Kansas City Royals,MacDougal Mike,301000,40518000,26,5
2003,Kansas City Royals,Carrasco DJ,300000,40518000,26,5
2003,Kansas City Royals,Lopez Mendy,300000,40518000,26,5
2003,Kansas City Royals,Johnson Rontrez,300000,40518000,26,5
2003,Kansas City Royals,Harvey Ken,300000,40518000,26,5
2003,Los Angeles Dodgers,Brown Kevin,15714286,105872624,26,5
2003,Los Angeles Dodgers,Green Shawn,15666667,105872624,26,5
2003,Los Angeles Dodgers,Dreifort Darren,12400000,105872624,26,5
2003,Los Angeles Dodgers,Jordan Brian,9600000,105872624,26,5
2003,Los Angeles Dodgers,Ashby Andy,8500000,105872624,26,5
2003,Los Angeles Dodgers,Nomo Hideo,7750000,105872624,26,5
2003,Los Angeles Dodgers,Hundley Todd,6500000,105872624,26,5
2003,Los Angeles Dodgers,Shuey Paul,3916667,105872624,26,5
2003,Los Angeles Dodgers,McGriff Fred,3750000,105872624,26,5
2003,Los Angeles Dodgers,Beltre Adrian,3700000,105872624,26,5
2003,Los Angeles Dodgers,Perez Odalis,3400000,105872624,26,5
2003,Los Angeles Dodgers,Quantrill Paul,3333333,105872624,26,5
2003,Los Angeles Dodgers,Lo Duca Paul,2636667,105872624,26,5
2003,Los Angeles Dodgers,Ishii Kazuhisa,2575000,105872624,26,5
2003,Los Angeles Dodgers,Ward Daryle,1350000,105872624,26,5
2003,Los Angeles Dodgers,Cora Alex,1150000,105872624,26,5
2003,Los Angeles Dodgers,Mota Guillermo,675000,105872624,26,5
2003,Los Angeles Dodgers,Gagne Eric,550000,105872624,26,5
2003,Los Angeles Dodgers,Cabrera Jolbert,435000,105872624,26,5
2003,Los Angeles Dodgers,Roberts Dave,400000,105872624,26,5
2003,Los Angeles Dodgers,Izturis Cesar,335000,105872624,26,5
2003,Los Angeles Dodgers,Kinkade Mike,320000,105872624,26,5
2003,Los Angeles Dodgers,Hermansen Chad,312500,105872624,26,5
2003,Los Angeles Dodgers,Romano Jason,302500,105872624,26,5
2003,Los Angeles Dodgers,Thompson Derek,300000,105872624,26,5
2003,Los Angeles Dodgers,Colyer Steve,300000,105872624,26,5
2003,Milwaukee Brewers,Hammonds Jeffrey,8200000,40627000,29,5
2003,Milwaukee Brewers,Jenkins Geoff,5187500,40627000,29,5
2003,Milwaukee Brewers,Sexson Richie,5125000,40627000,29,5
2003,Milwaukee Brewers,Rusch Glendon,4250000,40627000,29,5
2003,Milwaukee Brewers,Leskanic Curtis,3700000,40627000,29,5
2003,Milwaukee Brewers,Young Eric,2000000,40627000,29,5
2003,Milwaukee Brewers,DeJean Mike,1700000,40627000,29,5
2003,Milwaukee Brewers,Clayton Royce,1500000,40627000,29,5
2003,Milwaukee Brewers,Ritchie Todd,1150000,40627000,29,5
2003,Milwaukee Brewers,De Los Santos Valerio,925000,40627000,29,5
2003,Milwaukee Brewers,Helms Wes,575000,40627000,29,5
2003,Milwaukee Brewers,Vander Wal John,550000,40627000,29,5
2003,Milwaukee Brewers,Perez Eddie,500000,40627000,29,5
2003,Milwaukee Brewers,Osik Keith,455000,40627000,29,5
2003,Milwaukee Brewers,Sheets Ben,428000,40627000,29,5
2003,Milwaukee Brewers,Vizcaino Luis,370000,40627000,29,5
2003,Milwaukee Brewers,Sanchez Alex,340000,40627000,29,5
2003,Milwaukee Brewers,Durocher Jayson,320000,40627000,29,5
2003,Milwaukee Brewers,Kinney Matt,318000,40627000,29,5
2003,Milwaukee Brewers,Franklin Wayne,315000,40627000,29,5
2003,Milwaukee Brewers,Clark Brady,312500,40627000,29,5
2003,Milwaukee Brewers,Neugebauer Nick,305000,40627000,29,5
2003,Milwaukee Brewers,Ginter Keith,301000,40627000,29,5
2003,Milwaukee Brewers,Nance Shane,300000,40627000,29,5
2003,Milwaukee Brewers,Cruz Enrique,300000,40627000,29,5
2003,Milwaukee Brewers,Podsednik Scott,300000,40627000,29,5
2003,Milwaukee Brewers,Ford Matthew,300000,40627000,29,5
2003,Milwaukee Brewers,Conti Jason,300000,40627000,29,5
2003,Milwaukee Brewers,Foster John,300000,40627000,29,5
2003,Minnesota Twins,Radke Brad,8750000,55505000,26,5
2003,Minnesota Twins,Reed Rick,8000000,55505000,26,5
2003,Minnesota Twins,Milton Eric,6000000,55505000,26,5
2003,Minnesota Twins,Hunter Torii,4750000,55505000,26,5
2003,Minnesota Twins,Mays Joe,4150000,55505000,26,5
2003,Minnesota Twins,Koskie Corey,3400000,55505000,26,5
2003,Minnesota Twins,Hawkins LaTroy,3000000,55505000,26,5
2003,Minnesota Twins,Jones Jacque,2750000,55505000,26,5
2003,Minnesota Twins,Guardado Eddie,2700000,55505000,26,5
2003,Minnesota Twins,Guzman Cristian,2525000,55505000,26,5
2003,Minnesota Twins,Rogers Kenny,2000000,55505000,26,5
2003,Minnesota Twins,Mientkiewicz Doug,1750000,55505000,26,5
2003,Minnesota Twins,Hocking Denny,1000000,55505000,26,5
2003,Minnesota Twins,Gomez Chris,500000,55505000,26,5
2003,Minnesota Twins,Fetters Mike,500000,55505000,26,5
2003,Minnesota Twins,Prince Tom,450000,55505000,26,5
2003,Minnesota Twins,Pierzynski AJ,365000,55505000,26,5
2003,Minnesota Twins,Rivas Luis,340000,55505000,26,5
2003,Minnesota Twins,Santana Johan,335000,55505000,26,5
2003,Minnesota Twins,Fiore Tony,330000,55505000,26,5
2003,Minnesota Twins,Lohse Kyle,330000,55505000,26,5
2003,Minnesota Twins,Kielty Bobby,325000,55505000,26,5
2003,Minnesota Twins,Romero JC,325000,55505000,26,5
2003,Minnesota Twins,Mohr Dustan,315000,55505000,26,5
2003,Minnesota Twins,Lecroy Matt,312500,55505000,26,5
2003,Minnesota Twins,Cuddyer Michael,302500,55505000,26,5
2003,Montreal Expos,Guerrero Vladimir,11500000,51948500,26,5
2003,Montreal Expos,Tatis Fernando,6500000,51948500,26,5
2003,Montreal Expos,Vazquez Javier,6000000,51948500,26,5
2003,Montreal Expos,Vidro Jose,5500000,51948500,26,5
2003,Montreal Expos,Hernandez Orlando,4100000,51948500,26,5
2003,Montreal Expos,Hernandez Livan,3825000,51948500,26,5
2003,Montreal Expos,Cabrera Orlando,3300000,51948500,26,5
2003,Montreal Expos,Barrett Michael,2600000,51948500,26,5
2003,Montreal Expos,Armas Tony,2100000,51948500,26,5
2003,Montreal Expos,Macias Jose,825000,51948500,26,5
2003,Montreal Expos,Eischen Joey,750000,51948500,26,5
2003,Montreal Expos,Cordero Wil,600000,51948500,26,5
2003,Montreal Expos,Ohka Tomo,340000,51948500,26,5
2003,Montreal Expos,Stewart Scott,327000,51948500,26,5
2003,Montreal Expos,Liefer Jeff,320000,51948500,26,5
2003,Montreal Expos,Biddle Rocky,320000,51948500,26,5
2003,Montreal Expos,Wilkerson Brad,315000,51948500,26,5
2003,Montreal Expos,Schneider Brian,310000,51948500,26,5
2003,Montreal Expos,Tucker TJ,310000,51948500,26,5
2003,Montreal Expos,Smith Dan,305000,51948500,26,5
2003,Montreal Expos,Day Zach,301500,51948500,26,5
2003,Montreal Expos,Mateo Henry,300000,51948500,26,5
2003,Montreal Expos,Carroll Jamey,300000,51948500,26,5
2003,Montreal Expos,Chavez Endy,300000,51948500,26,5
2003,Montreal Expos,Ayala Luis,300000,51948500,26,5
2003,Montreal Expos,Calloway Ron,300000,51948500,26,5
2003,New York Mets,Vaughn Mo,17166667,117176432,29,5
2003,New York Mets,Piazza Mike,15571429,117176432,29,5
2003,New York Mets,Burnitz Jeromy,12166667,117176432,29,5
2003,New York Mets,Glavine Tom,11000000,117176432,29,5
2003,New York Mets,Alomar Roberto,8000000,117176432,29,5
2003,New York Mets,Leiter Al,8000000,117176432,29,5
2003,New York Mets,Astacio Pedro,7000000,117176432,29,5
2003,New York Mets,Benitez Armando,6937500,117176432,29,5
2003,New York Mets,Floyd Cliff,6500000,117176432,29,5
2003,New York Mets,Cedeno Roger,4875000,117176432,29,5
2003,New York Mets,Franco John,3833333,117176432,29,5
2003,New York Mets,Weathers David,3733333,117176432,29,5
2003,New York Mets,Trachsel Steve,3000000,117176432,29,5
2003,New York Mets,Stanton Mike,2000000,117176432,29,5
2003,New York Mets,Sanchez Rey,1300000,117176432,29,5
2003,New York Mets,Strickland Scott,950000,117176432,29,5
2003,New York Mets,Lloyd Graeme,650000,117176432,29,5
2003,New York Mets,Shinjo Tsuyoshi,600000,117176432,29,5
2003,New York Mets,McEwing Joe,600000,117176432,29,5
2003,New York Mets,Bell Jay,550000,117176432,29,5
2003,New York Mets,Wilson Vance,315000,117176432,29,5
2003,New York Mets,Perez Timo,312500,117176432,29,5
2003,New York Mets,Roberts Grant,310000,117176432,29,5
2003,New York Mets,Wigginton Ty,302500,117176432,29,5
2003,New York Mets,Bacsik Mike,302500,117176432,29,5
2003,New York Mets,Cerda Jaime,300000,117176432,29,5
2003,New York Mets,Phillips Jason,300000,117176432,29,5
2003,New York Mets,Seo Jae Weong,300000,117176432,29,5
2003,New York Mets,Yates Tyler,300000,117176432,29,5
2003,New York Yankees,Jeter Derek,15600000,152749808,28,5
2003,New York Yankees,Mondesi Raul,13000000,152749808,28,5
2003,New York Yankees,Williams Bernie,12357143,152749808,28,5
2003,New York Yankees,Mussina Mike,12000000,152749808,28,5
2003,New York Yankees,Pettitte Andy,11500000,152749808,28,5
2003,New York Yankees,Giambi Jason,11428571,152749808,28,5
2003,New York Yankees,Rivera Mariano,10500000,152749808,28,5
2003,New York Yankees,Clemens Roger,10100000,152749808,28,5
2003,New York Yankees,Posada Jorge,8000000,152749808,28,5
2003,New York Yankees,Matsui Hideki,6000000,152749808,28,5
2003,New York Yankees,Hitchcock Sterling,6000000,152749808,28,5
2003,New York Yankees,Contreras Jose,5500000,152749808,28,5
2003,New York Yankees,Ventura Robin,5000000,152749808,28,5
2003,New York Yankees,Karsay Steve,5000000,152749808,28,5
2003,New York Yankees,Weaver Jeff,4150000,152749808,28,5
2003,New York Yankees,Wells David,3250000,152749808,28,5
2003,New York Yankees,Trammell Bubba,2500000,152749808,28,5
2003,New York Yankees,Osuna Antonio,2400000,152749808,28,5
2003,New York Yankees,Hammond Chris,2200000,152749808,28,5
2003,New York Yankees,Zeile Todd,1500000,152749808,28,5
2003,New York Yankees,Acevedo Juan,900000,152749808,28,5
2003,New York Yankees,Soriano Alfonso,800000,152749808,28,5
2003,New York Yankees,Flaherty John,750000,152749808,28,5
2003,New York Yankees,Wilson Enrique,700000,152749808,28,5
2003,New York Yankees,Lieber Jon,550000,152749808,28,5
2003,New York Yankees,Latham Chris,400000,152749808,28,5
2003,New York Yankees,Johnson Nick,364100,152749808,28,5
2003,New York Yankees,Anderson Jason,300000,152749808,28,5
2003,Oakland Athletics,Dye Jermaine,11666667,50260832,26,5
2003,Oakland Athletics,Foulke Keith,6000000,50260832,26,5
2003,Oakland Athletics,Tejada Miguel,5125000,50260832,26,5
2003,Oakland Athletics,Chavez Eric,3675000,50260832,26,5
2003,Oakland Athletics,Mecir Jim,3216667,50260832,26,5
2003,Oakland Athletics,Hudson Tim,2700000,50260832,26,5
2003,Oakland Athletics,Mulder Mark,2650000,50260832,26,5
2003,Oakland Athletics,Long Terrence,2175000,50260832,26,5
2003,Oakland Athletics,Hernandez Ramon,1887500,50260832,26,5
2003,Oakland Athletics,Hatteberg Scott,1750000,50260832,26,5
2003,Oakland Athletics,Rincon Ricardo,1700000,50260832,26,5
2003,Oakland Athletics,Singleton Chris,1200000,50260832,26,5
2003,Oakland Athletics,Durazo Erubiel,1065000,50260832,26,5
2003,Oakland Athletics,Zito Barry,1000000,50260832,26,5
2003,Oakland Athletics,Halama John,750000,50260832,26,5
2003,Oakland Athletics,Johnson Mark,500000,50260832,26,5
2003,Oakland Athletics,Gant Ron,350000,50260832,26,5
2003,Oakland Athletics,Lilly Ted,335000,50260832,26,5
2003,Oakland Athletics,Menechino Frank,334500,50260832,26,5
2003,Oakland Athletics,Bradford Chad,331000,50260832,26,5
2003,Oakland Athletics,Piatt Adam,322000,50260832,26,5
2003,Oakland Athletics,Fikac Jeremy,316000,50260832,26,5
2003,Oakland Athletics,Ellis Mark,307500,50260832,26,5
2003,Oakland Athletics,Bowie Micah,304000,50260832,26,5
2003,Oakland Athletics,Neu Mike,300000,50260832,26,5
2003,Oakland Athletics,Byrnes Eric,300000,50260832,26,5
2003,Philadelphia Phillies,Thome Jim,11166667,70780000,29,5
2003,Philadelphia Phillies,Millwood Kevin,9900000,70780000,29,5
2003,Philadelphia Phillies,Abreu Bobby,9100000,70780000,29,5
2003,Philadelphia Phillies,Lieberthal Mike,7250000,70780000,29,5
2003,Philadelphia Phillies,Mesa Jose,5200000,70780000,29,5
2003,Philadelphia Phillies,Wendell Turk,3350000,70780000,29,5
2003,Philadelphia Phillies,Bell David,3200000,70780000,29,5
2003,Philadelphia Phillies,Cormier Rheal,2983333,70780000,29,5
2003,Philadelphia Phillies,Adams Terry,2900000,70780000,29,5
2003,Philadelphia Phillies,Polanco Placido,2875000,70780000,29,5
2003,Philadelphia Phillies,Wolf Randy,2375000,70780000,29,5
2003,Philadelphia Phillies,Plesac Dan,2000000,70780000,29,5
2003,Philadelphia Phillies,Burrell Pat,1250000,70780000,29,5
2003,Philadelphia Phillies,Houston Tyler,1000000,70780000,29,5
2003,Philadelphia Phillies,Ledee Ricky,850000,70780000,29,5
2003,Philadelphia Phillies,Pratt Todd,850000,70780000,29,5
2003,Philadelphia Phillies,Perez Tomas,550000,70780000,29,5
2003,Philadelphia Phillies,Rollins Jimmy,450000,70780000,29,5
2003,Philadelphia Phillies,Padilla Vicente,425000,70780000,29,5
2003,Philadelphia Phillies,Mercado Hector,330000,70780000,29,5
2003,Philadelphia Phillies,Duckworth Brandon,325000,70780000,29,5
2003,Philadelphia Phillies,Coggin David,320000,70780000,29,5
2003,Philadelphia Phillies,Roa Joe,315000,70780000,29,5
2003,Philadelphia Phillies,Silva Carlos,310000,70780000,29,5
2003,Philadelphia Phillies,Michaels Jason,305000,70780000,29,5
2003,Philadelphia Phillies,Byrd Marlon,300000,70780000,29,5
2003,Philadelphia Phillies,Punto Nick,300000,70780000,29,5
2003,Philadelphia Phillies,Utley Chase,300000,70780000,29,5
2003,Philadelphia Phillies,Myers Brett,300000,70780000,29,5
2003,Pittsburgh Pirates,Giles Brian,8833333,54812428,28,5
2003,Pittsburgh Pirates,Kendall Jason,8571429,54812428,28,5
2003,Pittsburgh Pirates,Young Kevin,6625000,54812428,28,5
2003,Pittsburgh Pirates,Benson Kris,4300000,54812428,28,5
2003,Pittsburgh Pirates,Meares Pat,3790000,54812428,28,5
2003,Pittsburgh Pirates,Williams Mike,3500000,54812428,28,5
2003,Pittsburgh Pirates,Ramirez Aramis,3000000,54812428,28,5
2003,Pittsburgh Pirates,Reese Pokey,2500000,54812428,28,5
2003,Pittsburgh Pirates,Sauerbeck Scott,1566667,54812428,28,5
2003,Pittsburgh Pirates,Boehringer Brian,1500000,54812428,28,5
2003,Pittsburgh Pirates,Simon Randall,1475000,54812428,28,5
2003,Pittsburgh Pirates,Lofton Kenny,1025000,54812428,28,5
2003,Pittsburgh Pirates,Sanders Reggie,1000000,54812428,28,5
2003,Pittsburgh Pirates,Stairs Matt,900000,54812428,28,5
2003,Pittsburgh Pirates,D'Amico Jeff,750000,54812428,28,5
2003,Pittsburgh Pirates,Tavarez Julian,750000,54812428,28,5
2003,Pittsburgh Pirates,Nunez Abraham,675000,54812428,28,5
2003,Pittsburgh Pirates,Reyes Dennys,600000,54812428,28,5
2003,Pittsburgh Pirates,Suppan Jeff,500000,54812428,28,5
2003,Pittsburgh Pirates,Wells Kip,370000,54812428,28,5
2003,Pittsburgh Pirates,Wilson Jack,335000,54812428,28,5
2003,Pittsburgh Pirates,Wilson Craig,327000,54812428,28,5
2003,Pittsburgh Pirates,Torres Salomon,325000,54812428,28,5
2003,Pittsburgh Pirates,Beimel Joe,322000,54812428,28,5
2003,Pittsburgh Pirates,Fogg Josh,322000,54812428,28,5
2003,Pittsburgh Pirates,Mackowiak Rob,322000,54812428,28,5
2003,Pittsburgh Pirates,Lincoln Mike,315500,54812428,28,5
2003,Pittsburgh Pirates,Williams Dave,312500,54812428,28,5
2003,San Diego Padres,Hoffman Trevor,9600000,45210000,30,6
2003,San Diego Padres,White Rondell,5500000,45210000,30,6
2003,San Diego Padres,Klesko Ryan,5500000,45210000,30,6
2003,San Diego Padres,Nevin Phil,5000000,45210000,30,6
2003,San Diego Padres,Kotsay Mark,4450000,45210000,30,6
2003,San Diego Padres,Jarvis Kevin,3000000,45210000,30,6
2003,San Diego Padres,Loretta Mark,1250000,45210000,30,6
2003,San Diego Padres,Orosco Jesse,800000,45210000,30,6
2003,San Diego Padres,Nady Xavier,750000,45210000,30,6
2003,San Diego Padres,Witasick Jay,750000,45210000,30,6
2003,San Diego Padres,Wright Jaret,725000,45210000,30,6
2003,San Diego Padres,Gonzalez Wiki,700000,45210000,30,6
2003,San Diego Padres,Bennett Gary,700000,45210000,30,6
2003,San Diego Padres,Lawrence Brian,625000,45210000,30,6
2003,San Diego Padres,Merloni Lou,560000,45210000,30,6
2003,San Diego Padres,Hansen Dave,550000,45210000,30,6
2003,San Diego Padres,Lockhart Keith,500000,45210000,30,6
2003,San Diego Padres,Walker Kevin,450000,45210000,30,6
2003,San Diego Padres,Matthews Mike,350000,45210000,30,6
2003,San Diego Padres,Eaton Adam,350000,45210000,30,6
2003,San Diego Padres,Hackman Luther,345000,45210000,30,6
2003,San Diego Padres,Buchanan Brian,325000,45210000,30,6
2003,San Diego Padres,Vazquez Ramon,315000,45210000,30,6
2003,San Diego Padres,Peavy Jacob,305000,45210000,30,6
2003,San Diego Padres,Perez Oliver,305000,45210000,30,6
2003,San Diego Padres,Villafuerte Brandon,302000,45210000,30,6
2003,San Diego Padres,Burroughs Sean,302000,45210000,30,6
2003,San Diego Padres,Bynum Michael,300500,45210000,30,6
2003,San Diego Padres,Condrey Clayton,300500,45210000,30,6
2003,San Diego Padres,Victorino Shane,300000,45210000,30,6
2003,San Fransisco Giants,Bonds Barry,15500000,82852168,26,5
2003,San Fransisco Giants,Nen Robb,8750000,82852168,26,5
2003,San Fransisco Giants,Snow JT,6850000,82852168,26,5
2003,San Fransisco Giants,Aurilia Rich,6250000,82852168,26,5
2003,San Fransisco Giants,Schmidt Jason,5937500,82852168,26,5
2003,San Fransisco Giants,Rueter Kirk,5866667,82852168,26,5
2003,San Fransisco Giants,Durham Ray,5200000,82852168,26,5
2003,San Fransisco Giants,Benard Marvin,4200000,82852168,26,5
2003,San Fransisco Giants,Alfonzo Edgardo,4000000,82852168,26,5
2003,San Fransisco Giants,Rodriguez Felix,3166667,82852168,26,5
2003,San Fransisco Giants,Cruz Jr Jose,2500000,82852168,26,5
2003,San Fransisco Giants,Christiansen Jason,2333333,82852168,26,5
2003,San Fransisco Giants,Worrell Tim,2000000,82852168,26,5
2003,San Fransisco Giants,Grissom Marquis,1875000,82852168,26,5
2003,San Fransisco Giants,Santiago Benito,1775000,82852168,26,5
2003,San Fransisco Giants,Moss Damian,1550000,82852168,26,5
2003,San Fransisco Giants,Perez Neifi,1500000,82852168,26,5
2003,San Fransisco Giants,Eyre Scott,725000,82852168,26,5
2003,San Fransisco Giants,Rivera Ruben,500000,82852168,26,5
2003,San Fransisco Giants,Galarraga Andres,500000,82852168,26,5
2003,San Fransisco Giants,Feliz Pedro,325000,82852168,26,5
2003,San Fransisco Giants,Zerbe Chad,317000,82852168,26,5
2003,San Fransisco Giants,Jensen Ryan,317000,82852168,26,5
2003,San Fransisco Giants,Torrealba Yorvit,312000,82852168,26,5
2003,San Fransisco Giants,Ainsworth Kurt,302000,82852168,26,5
2003,San Fransisco Giants,Nathan Joe,300000,82852168,26,5
2003,Seattle Mariners,Sasaki Kazuhiro,8000000,86959168,27,5
2003,Seattle Mariners,Boone Bret,8000000,86959168,27,5
2003,Seattle Mariners,Olerud John,7700000,86959168,27,5
2003,Seattle Mariners,Cameron Mike,7416667,86959168,27,5
2003,Seattle Mariners,Garcia Freddy,6875000,86959168,27,5
2003,Seattle Mariners,Cirillo Jeff,6725000,86959168,27,5
2003,Seattle Mariners,Moyer Jamie,6500000,86959168,27,5
2003,Seattle Mariners,Suzuki Ichiro,4666667,86959168,27,5
2003,Seattle Mariners,Martinez Edgar,4000000,86959168,27,5
2003,Seattle Mariners,Nelson Jeff,3983333,86959168,27,5
2003,Seattle Mariners,Wilson Dan,3500000,86959168,27,5
2003,Seattle Mariners,Rhodes Arthur,3500000,86959168,27,5
2003,Seattle Mariners,Winn Randy,3300000,86959168,27,5
2003,Seattle Mariners,McLemore Mark,3150000,86959168,27,5
2003,Seattle Mariners,Guillen Carlos,2500000,86959168,27,5
2003,Seattle Mariners,Hasegawa Shigetoshi,1800000,86959168,27,5
2003,Seattle Mariners,Davis Ben,1000000,86959168,27,5
2003,Seattle Mariners,Colbrunn Greg,750000,86959168,27,5
2003,Seattle Mariners,Mabry John,600000,86959168,27,5
2003,Seattle Mariners,Borders Pat,500000,86959168,27,5
2003,Seattle Mariners,Pineiro Joel,440000,86959168,27,5
2003,Seattle Mariners,Franklin Ryan,425000,86959168,27,5
2003,Seattle Mariners,Carrara Giovanni,400000,86959168,27,5
2003,Seattle Mariners,Meche Gil,325000,86959168,27,5
2003,Seattle Mariners,Mateo Julio,302500,86959168,27,5
2003,Seattle Mariners,Bloomquist Willie,300000,86959168,27,5
2003,Seattle Mariners,Snelling Chris,300000,86959168,27,5
2003,St. Louis Cardinals,Morris Matt,10500000,83786664,31,6
2003,St. Louis Cardinals,Edmonds Jim,8333333,83786664,31,6
2003,St. Louis Cardinals,Rolen Scott,7625000,83786664,31,6
2003,St. Louis Cardinals,Martinez Tino,7500000,83786664,31,6
2003,St. Louis Cardinals,Isringhausen Jason,7250000,83786664,31,6
2003,St. Louis Cardinals,Renteria Edgar,6500000,83786664,31,6
2003,St. Louis Cardinals,Williams Woody,6000000,83786664,31,6
2003,St. Louis Cardinals,Vina Fernando,5333333,83786664,31,6
2003,St. Louis Cardinals,Drew JD,3700000,83786664,31,6
2003,St. Louis Cardinals,Tomko Brett,3300000,83786664,31,6
2003,St. Louis Cardinals,Matheny Mike,3250000,83786664,31,6
2003,St. Louis Cardinals,Kline Steve,1800000,83786664,31,6
2003,St. Louis Cardinals,Marrero Eli,1500000,83786664,31,6
2003,St. Louis Cardinals,Fassero Jeff,1250000,83786664,31,6
2003,St. Louis Cardinals,Taguchi So,1200000,83786664,31,6
2003,St. Louis Cardinals,Pujols Albert,900000,83786664,31,6
2003,St. Louis Cardinals,Hermanson Dustin,900000,83786664,31,6
2003,St. Louis Cardinals,Cairo Miguel,850000,83786664,31,6
2003,St. Louis Cardinals,Stephenson Garrett,800000,83786664,31,6
2003,St. Louis Cardinals,Girardi Joe,725000,83786664,31,6
2003,St. Louis Cardinals,Palmeiro Orlando,700000,83786664,31,6
2003,St. Louis Cardinals,Painter Lance,575000,83786664,31,6
2003,St. Louis Cardinals,Perez Eduardo,500000,83786664,31,6
2003,St. Louis Cardinals,Eldred Cal,500000,83786664,31,6
2003,St. Louis Cardinals,Springer Russ,450000,83786664,31,6
2003,St. Louis Cardinals,Robinson Kerry,320000,83786664,31,6
2003,St. Louis Cardinals,Simontacchi Jason,315000,83786664,31,6
2003,St. Louis Cardinals,Delgado Wilson,305000,83786664,31,6
2003,St. Louis Cardinals,Stechschulte Gene,305000,83786664,31,6
2003,St. Louis Cardinals,Carpenter Chris,300000,83786664,31,6
2003,St. Louis Cardinals,Torrealba Steve,300000,83786664,31,6
2003,Tampa Bay Devil Rays,Ordonez Rey,6500000,19630000,25,5
2003,Tampa Bay Devil Rays,Grieve Ben,5500000,19630000,25,5
2003,Tampa Bay Devil Rays,Anderson Marlon,600000,19630000,25,5
2003,Tampa Bay Devil Rays,Lee Travis,500000,19630000,25,5
2003,Tampa Bay Devil Rays,Parris Steve,400000,19630000,25,5
2003,Tampa Bay Devil Rays,Parque Jim,400000,19630000,25,5
2003,Tampa Bay Devil Rays,Huff Aubrey,325000,19630000,25,5
2003,Tampa Bay Devil Rays,Valentin Javier,305000,19630000,25,5
2003,Tampa Bay Devil Rays,Martin Al,300000,19630000,25,5
2003,Tampa Bay Devil Rays,McClung Seth,300000,19630000,25,5
2003,Tampa Bay Devil Rays,Rolls Damian,300000,19630000,25,5
2003,Tampa Bay Devil Rays,Seay Bobby,300000,19630000,25,5
2003,Tampa Bay Devil Rays,Sosa Jorge,300000,19630000,25,5
2003,Tampa Bay Devil Rays,Crawford Carl,300000,19630000,25,5
2003,Tampa Bay Devil Rays,Colome Jesus,300000,19630000,25,5
2003,Tampa Bay Devil Rays,Carter Lance,300000,19630000,25,5
2003,Tampa Bay Devil Rays,Hall Toby,300000,19630000,25,5
2003,Tampa Bay Devil Rays,Shumpert Terry,300000,19630000,25,5
2003,Tampa Bay Devil Rays,Venafro Mike,300000,19630000,25,5
2003,Tampa Bay Devil Rays,Harper Travis,300000,19630000,25,5
2003,Tampa Bay Devil Rays,Bierbrodt Nick,300000,19630000,25,5
2003,Tampa Bay Devil Rays,Baldelli Rocco,300000,19630000,25,5
2003,Tampa Bay Devil Rays,Zambrano Victor,300000,19630000,25,5
2003,Tampa Bay Devil Rays,Abernathy Brent,300000,19630000,25,5
2003,Tampa Bay Devil Rays,Kennedy Joe,300000,19630000,25,5
2003,Texas Rangers,Rodriguez Alex,22000000,103491664,30,6
2003,Texas Rangers,Park Chan Ho,13000000,103491664,30,6
2003,Texas Rangers,Gonzalez Juan,13000000,103491664,30,6
2003,Texas Rangers,Everett Carl,9150000,103491664,30,6
2003,Texas Rangers,Palmeiro Rafael,9000000,103491664,30,6
2003,Texas Rangers,Greer Rusty,7000000,103491664,30,6
2003,Texas Rangers,Urbina Ugueth,4500000,103491664,30,6
2003,Texas Rangers,Zimmerman Jeff,3366667,103491664,30,6
2003,Texas Rangers,Powell Jay,3250000,103491664,30,6
2003,Texas Rangers,Van Poppel Todd,2500000,103491664,30,6
2003,Texas Rangers,Valdes Ismael,2500000,103491664,30,6
2003,Texas Rangers,Diaz Einar,1837500,103491664,30,6
2003,Texas Rangers,Yan Esteban,1500000,103491664,30,6
2003,Texas Rangers,Thomson John,1300000,103491664,30,6
2003,Texas Rangers,Perry Herbert,1300000,103491664,30,6
2003,Texas Rangers,Glanville Doug,1000000,103491664,30,6
2003,Texas Rangers,Cordero Francisco,900000,103491664,30,6
2003,Texas Rangers,Kreuter Chad,750000,103491664,30,6
2003,Texas Rangers,Teixeira Mark,750000,103491664,30,6
2003,Texas Rangers,Greene Todd,750000,103491664,30,6
2003,Texas Rangers,Fultz Aaron,600000,103491664,30,6
2003,Texas Rangers,Sierra Ruben,600000,103491664,30,6
2003,Texas Rangers,Nitkowski CJ,550000,103491664,30,6
2003,Texas Rangers,Lamb Mike,440000,103491664,30,6
2003,Texas Rangers,Young Mike,415000,103491664,30,6
2003,Texas Rangers,Mench Kevin,327500,103491664,30,6
2003,Texas Rangers,Blalock Hank,302500,103491664,30,6
2003,Texas Rangers,Lewis Colby,302500,103491664,30,6
2003,Texas Rangers,Garcia Reynaldo,300000,103491664,30,6
2003,Texas Rangers,Clark Jermaine,300000,103491664,30,6
2003,Toronto Blue Jays,Delgado Carlos,18700000,51269000,27,5
2003,Toronto Blue Jays,Stewart Shannon,6200000,51269000,27,5
2003,Toronto Blue Jays,Lidle Cory,5350000,51269000,27,5
2003,Toronto Blue Jays,Escobar Kelvim,3900000,51269000,27,5
2003,Toronto Blue Jays,Halladay Roy,3825000,51269000,27,5
2003,Toronto Blue Jays,Catalanotto Frank,2200000,51269000,27,5
2003,Toronto Blue Jays,Bordick Mike,1000000,51269000,27,5
2003,Toronto Blue Jays,Sturtze Tanyon,1000000,51269000,27,5
2003,Toronto Blue Jays,Politte Cliff,845000,51269000,27,5
2003,Toronto Blue Jays,Myers Greg,800000,51269000,27,5
2003,Toronto Blue Jays,Woodward Chris,775000,51269000,27,5
2003,Toronto Blue Jays,Berg Dave,700000,51269000,27,5
2003,Toronto Blue Jays,Creek Doug,700000,51269000,27,5
2003,Toronto Blue Jays,Tam Jeff,600000,51269000,27,5
2003,Toronto Blue Jays,Hinske Eric,600000,51269000,27,5
2003,Toronto Blue Jays,Wells Vernon,520000,51269000,27,5
2003,Toronto Blue Jays,Walker Pete,425000,51269000,27,5
2003,Toronto Blue Jays,Linton Doug,350000,51269000,27,5
2003,Toronto Blue Jays,Phelps Josh,320000,51269000,27,5
2003,Toronto Blue Jays,Wilson Tom,316000,51269000,27,5
2003,Toronto Blue Jays,Hudson Orlando,313000,51269000,27,5
2003,Toronto Blue Jays,Huckaby Ken,313000,51269000,27,5
2003,Toronto Blue Jays,File Bob,310000,51269000,27,5
2003,Toronto Blue Jays,Miller Trever,305000,51269000,27,5
2003,Toronto Blue Jays,Hendrickson Mark,302000,51269000,27,5
2003,Toronto Blue Jays,Lopez Aquilino,300000,51269000,27,5
2003,Toronto Blue Jays,Werth Jayson,300000,51269000,27,5
2004,Anenheim Angels,Colon Bartolo,11000000,100534664,27,5
2004,Anenheim Angels,Guerrero Vladimir,11000000,100534664,27,5
2004,Anenheim Angels,Glaus Troy,9900000,100534664,27,5
2004,Anenheim Angels,Salmon Tim,9900000,100534664,27,5
2004,Anenheim Angels,Sele Aaron,8666667,100534664,27,5
2004,Anenheim Angels,Percival Troy,7833333,100534664,27,5
2004,Anenheim Angels,Erstad Darin,7750000,100534664,27,5
2004,Anenheim Angels,Anderson Garret,6200000,100534664,27,5
2004,Anenheim Angels,Escobar Kelvim,5750000,100534664,27,5
2004,Anenheim Angels,Washburn Jarrod,5450000,100534664,27,5
2004,Anenheim Angels,Ortiz Ramon,3266667,100534664,27,5
2004,Anenheim Angels,Kennedy Adam,2500000,100534664,27,5
2004,Anenheim Angels,Guillen Jose,2200000,100534664,27,5
2004,Anenheim Angels,Eckstein David,2150000,100534664,27,5
2004,Anenheim Angels,Molina Bengie,2025000,100534664,27,5
2004,Anenheim Angels,Weber Ben,900000,100534664,27,5
2004,Anenheim Angels,Halter Shane,575000,100534664,27,5
2004,Anenheim Angels,Shields Scot,375000,100534664,27,5
2004,Anenheim Angels,Rodriguez Francisco,375000,100534664,27,5
2004,Anenheim Angels,Donnelly Brendan,375000,100534664,27,5
2004,Anenheim Angels,DaVanon Jeff,375000,100534664,27,5
2004,Anenheim Angels,Lackey John,375000,100534664,27,5
2004,Anenheim Angels,Molina Jose,335000,100534664,27,5
2004,Anenheim Angels,Paul Josh,335000,100534664,27,5
2004,Anenheim Angels,Figgins Chone,320000,100534664,27,5
2004,Anenheim Angels,Jones Greg,301500,100534664,27,5
2004,Anenheim Angels,Gregg Kevin,301500,100534664,27,5
2004,Arizona Diamondbacks,Johnson Randy,16000000,69780752,29,5
2004,Arizona Diamondbacks,Sexson Richie,8725000,69780752,29,5
2004,Arizona Diamondbacks,Gonzalez Luis,8250000,69780752,29,5
2004,Arizona Diamondbacks,Finley Steve,7000000,69780752,29,5
2004,Arizona Diamondbacks,Mantei Matt,7000000,69780752,29,5
2004,Arizona Diamondbacks,Dessens Elmer,4000000,69780752,29,5
2004,Arizona Diamondbacks,Bautista Danny,4000000,69780752,29,5
2004,Arizona Diamondbacks,Colbrunn Greg,2750000,69780752,29,5
2004,Arizona Diamondbacks,Hillenbrand Shea,2600000,69780752,29,5
2004,Arizona Diamondbacks,Alomar Roberto,1000000,69780752,29,5
2004,Arizona Diamondbacks,Baerga Carlos,1000000,69780752,29,5
2004,Arizona Diamondbacks,Reynolds Shane,1000000,69780752,29,5
2004,Arizona Diamondbacks,Mayne Brent,800000,69780752,29,5
2004,Arizona Diamondbacks,Estalella Bobby,550000,69780752,29,5
2004,Arizona Diamondbacks,Sparks Steve,500000,69780752,29,5
2004,Arizona Diamondbacks,Sadler Donnie,400000,69780752,29,5
2004,Arizona Diamondbacks,Fossum Casey,345000,69780752,29,5
2004,Arizona Diamondbacks,Cintron Alex,335000,69780752,29,5
2004,Arizona Diamondbacks,Webb Brandon,335000,69780752,29,5
2004,Arizona Diamondbacks,Koplove Mike,330000,69780752,29,5
2004,Arizona Diamondbacks,Lyon Brandon,330000,69780752,29,5
2004,Arizona Diamondbacks,Choate Randy,325750,69780752,29,5
2004,Arizona Diamondbacks,Villarreal Oscar,325000,69780752,29,5
2004,Arizona Diamondbacks,Randolph Stephen,322500,69780752,29,5
2004,Arizona Diamondbacks,Valverde  Jose,320000,69780752,29,5
2004,Arizona Diamondbacks,Hammock  Robby,315000,69780752,29,5
2004,Arizona Diamondbacks,Kata  Matthew,315000,69780752,29,5
2004,Arizona Diamondbacks,Nance Shane,307500,69780752,29,5
2004,Arizona Diamondbacks,Daigle Casey,300000,69780752,29,5
2004,Atlanta Braves,Jones Chipper,15333333,90182496,28,5
2004,Atlanta Braves,Hampton Mike,14625000,90182496,28,5
2004,Atlanta Braves,Jones Andruw,12500000,90182496,28,5
2004,Atlanta Braves,Smoltz John,11666667,90182496,28,5
2004,Atlanta Braves,Byrd Paul,7000000,90182496,28,5
2004,Atlanta Braves,Ortiz Russ,6200000,90182496,28,5
2004,Atlanta Braves,Drew JD,4200000,90182496,28,5
2004,Atlanta Braves,Furcal Rafael,3700000,90182496,28,5
2004,Atlanta Braves,Marrero Eli,3000000,90182496,28,5
2004,Atlanta Braves,Thomson John,2250000,90182496,28,5
2004,Atlanta Braves,Alfonseca Antonio,1350000,90182496,28,5
2004,Atlanta Braves,Reitsma Chris,950000,90182496,28,5
2004,Atlanta Braves,Wright Jaret,850000,90182496,28,5
2004,Atlanta Braves,Franco Julio,750000,90182496,28,5
2004,Atlanta Braves,De Rosa Mark,725000,90182496,28,5
2004,Atlanta Braves,Perez Eddie,625000,90182496,28,5
2004,Atlanta Braves,Cunnane Will,525000,90182496,28,5
2004,Atlanta Braves,Almanza Armando,500000,90182496,28,5
2004,Atlanta Braves,Giles Marcus,430000,90182496,28,5
2004,Atlanta Braves,Gryboski Kevin,377500,90182496,28,5
2004,Atlanta Braves,Nitkowski CJ,375000,90182496,28,5
2004,Atlanta Braves,Cruz Juan,370000,90182496,28,5
2004,Atlanta Braves,Ramirez Horacio,330000,90182496,28,5
2004,Atlanta Braves,Wise DeWayne,325000,90182496,28,5
2004,Atlanta Braves,Estrada Johnny,312500,90182496,28,5
2004,Atlanta Braves,Garcia Jesse,312500,90182496,28,5
2004,Atlanta Braves,LaRoche Adam,300000,90182496,28,5
2004,Atlanta Braves,Hessman  Mike,300000,90182496,28,5
2004,Baltimore Orioles,Segui David,7000000,51623332,28,5
2004,Baltimore Orioles,Lopez Javy,6000000,51623332,28,5
2004,Baltimore Orioles,Tejada Miguel,5000000,51623332,28,5
2004,Baltimore Orioles,Daal Omar,4500000,51623332,28,5
2004,Baltimore Orioles,Palmeiro Rafael,4000000,51623332,28,5
2004,Baltimore Orioles,Cordova Marty,3500000,51623332,28,5
2004,Baltimore Orioles,Ponson Sidney,3000000,51623332,28,5
2004,Baltimore Orioles,Groom Buddy,3000000,51623332,28,5
2004,Baltimore Orioles,Gibbons Jay,2600000,51623332,28,5
2004,Baltimore Orioles,Mora Melvin,2333333,51623332,28,5
2004,Baltimore Orioles,Hairston Jerry,1650000,51623332,28,5
2004,Baltimore Orioles,DeJean Mike,1500000,51623332,28,5
2004,Baltimore Orioles,Ryan BJ,1275000,51623332,28,5
2004,Baltimore Orioles,Matos Luis,975000,51623332,28,5
2004,Baltimore Orioles,Surhoff BJ,800000,51623332,28,5
2004,Baltimore Orioles,Osik Keith,500000,51623332,28,5
2004,Baltimore Orioles,Julio Jorge,385000,51623332,28,5
2004,Baltimore Orioles,Lopez Luis,365000,51623332,28,5
2004,Baltimore Orioles,Lopez Rodrigo,365000,51623332,28,5
2004,Baltimore Orioles,Roberts  Brian,345000,51623332,28,5
2004,Baltimore Orioles,Bigbie  Larry,340000,51623332,28,5
2004,Baltimore Orioles,Bauer Rick,335000,51623332,28,5
2004,Baltimore Orioles,Parrish John,320000,51623332,28,5
2004,Baltimore Orioles,Ainsworth Kurt,315000,51623332,28,5
2004,Baltimore Orioles,Riley  Matt,310000,51623332,28,5
2004,Baltimore Orioles,Cust Jack,305000,51623332,28,5
2004,Baltimore Orioles,Dubose  Eric,305000,51623332,28,5
2004,Baltimore Orioles,Bautista Jose,300000,51623332,28,5
2004,Boston Red Sox,Ramirez Manny,22500000,127298496,30,6
2004,Boston Red Sox,Martinez Pedro,17500000,127298496,30,6
2004,Boston Red Sox,Schilling Curt,12000000,127298496,30,6
2004,Boston Red Sox,Garciaparra Nomar,11500000,127298496,30,6
2004,Boston Red Sox,Damon Johnny,8000000,127298496,30,6
2004,Boston Red Sox,Varitek Jason,6900000,127298496,30,6
2004,Boston Red Sox,Ortiz David,4587500,127298496,30,6
2004,Boston Red Sox,Nixon Trot,4500000,127298496,30,6
2004,Boston Red Sox,Lowe Derek,4500000,127298496,30,6
2004,Boston Red Sox,Wakefield Tim,4350000,127298496,30,6
2004,Boston Red Sox,Mendoza Ramiro,3600000,127298496,30,6
2004,Boston Red Sox,Foulke Keith,3500000,127298496,30,6
2004,Boston Red Sox,Kim Byung-hyun,3425000,127298496,30,6
2004,Boston Red Sox,Millar Kevin,3300000,127298496,30,6
2004,Boston Red Sox,Williamson Scott,3175000,127298496,30,6
2004,Boston Red Sox,Embree Alan,3000000,127298496,30,6
2004,Boston Red Sox,Timlin Mike,2500000,127298496,30,6
2004,Boston Red Sox,Mueller Bill,2100000,127298496,30,6
2004,Boston Red Sox,Reese Pokey,1000000,127298496,30,6
2004,Boston Red Sox,Mirabelli Doug,825000,127298496,30,6
2004,Boston Red Sox,Burks Ellis,750000,127298496,30,6
2004,Boston Red Sox,Kapler Gabe,750000,127298496,30,6
2004,Boston Red Sox,McCarty David,500000,127298496,30,6
2004,Boston Red Sox,Daubach Brian,500000,127298496,30,6
2004,Boston Red Sox,Bellhorn Mark,490000,127298496,30,6
2004,Boston Red Sox,Arroyo Bronson,332500,127298496,30,6
2004,Boston Red Sox,Crespo Cesar,309000,127298496,30,6
2004,Boston Red Sox,Shiell  Jason,303000,127298496,30,6
2004,Boston Red Sox,Garcia Reynaldo,301500,127298496,30,6
2004,Boston Red Sox,DiNardo Lenny,300000,127298496,30,6
2004,Chicago Cubs,Sosa Sammy,16000000,90560000,29,5
2004,Chicago Cubs,Alou Moises,9500000,90560000,29,5
2004,Chicago Cubs,Wood Kerry,8000000,90560000,29,5
2004,Chicago Cubs,Lee Derrek,6166667,90560000,29,5
2004,Chicago Cubs,Maddux Greg,6000000,90560000,29,5
2004,Chicago Cubs,Clement Matt,6000000,90560000,29,5
2004,Chicago Cubs,Ramirez Aramis,6000000,90560000,29,5
2004,Chicago Cubs,Gonzalez Alex,5750000,90560000,29,5
2004,Chicago Cubs,Remlinger Mike,3983333,90560000,29,5
2004,Chicago Cubs,Prior Mark,3150000,90560000,29,5
2004,Chicago Cubs,Hawkins LaTroy,3000000,90560000,29,5
2004,Chicago Cubs,Grudzielanek Mark,2500000,90560000,29,5
2004,Chicago Cubs,Borowski Joe,2000000,90560000,29,5
2004,Chicago Cubs,Walker Todd,1750000,90560000,29,5
2004,Chicago Cubs,Barrett Michael,1550000,90560000,29,5
2004,Chicago Cubs,Farnsworth Kyle,1400000,90560000,29,5
2004,Chicago Cubs,Mercker Kent,1200000,90560000,29,5
2004,Chicago Cubs,Hollandsworth Todd,1000000,90560000,29,5
2004,Chicago Cubs,Martinez Ramon,900000,90560000,29,5
2004,Chicago Cubs,Bako Paul,865000,90560000,29,5
2004,Chicago Cubs,Macias Jose,750000,90560000,29,5
2004,Chicago Cubs,Goodwin Tom,650000,90560000,29,5
2004,Chicago Cubs,Patterson Corey,480000,90560000,29,5
2004,Chicago Cubs,Zambrano Carlos,450000,90560000,29,5
2004,Chicago Cubs,Wellemeyer  Todd,310000,90560000,29,5
2004,Chicago Cubs,Mitre Sergio,305000,90560000,29,5
2004,Chicago Cubs,Wuertz Michael,300000,90560000,29,5
2004,Chicago Cubs,Pratt  Andy,300000,90560000,29,5
2004,Chicago Cubs,Dempster Ryan,300000,90560000,29,5
2004,Chicago White Sox,Ordonez Magglio,14000000,65212500,26,5
2004,Chicago White Sox,Konerko Paul,8000000,65212500,26,5
2004,Chicago White Sox,Lee Carlos,6500000,65212500,26,5
2004,Chicago White Sox,Koch Billy,6375000,65212500,26,5
2004,Chicago White Sox,Thomas Frank,6000000,65212500,26,5
2004,Chicago White Sox,Valentin Jose,5000000,65212500,26,5
2004,Chicago White Sox,Loaiza Esteban,4000000,65212500,26,5
2004,Chicago White Sox,Buehrle Mark,3500000,65212500,26,5
2004,Chicago White Sox,Garland Jon,2300000,65212500,26,5
2004,Chicago White Sox,Schoeneweis Scott,1725000,65212500,26,5
2004,Chicago White Sox,Perez Timo,850000,65212500,26,5
2004,Chicago White Sox,Politte Cliff,800000,65212500,26,5
2004,Chicago White Sox,Wunsch Kelly,800000,65212500,26,5
2004,Chicago White Sox,Takatsu Shingo,750000,65212500,26,5
2004,Chicago White Sox,Alomar Jr Sandy,700000,65212500,26,5
2004,Chicago White Sox,Marte Damaso,500000,65212500,26,5
2004,Chicago White Sox,Jackson Mike,500000,65212500,26,5
2004,Chicago White Sox,Uribe Juan,350000,65212500,26,5
2004,Chicago White Sox,Crede Joe,340000,65212500,26,5
2004,Chicago White Sox,Wright Danny,340000,65212500,26,5
2004,Chicago White Sox,Rowand Aaron,340000,65212500,26,5
2004,Chicago White Sox,Olivo Miguel,320000,65212500,26,5
2004,Chicago White Sox,Harris  Willie,318500,65212500,26,5
2004,Chicago White Sox,Gload  Ross,302000,65212500,26,5
2004,Chicago White Sox,Adkins  Jon,301000,65212500,26,5
2004,Chicago White Sox,Cotts Neal,301000,65212500,26,5
2004,Cincinnati Reds,Griffey Jr Ken,12500000,46615248,28,5
2004,Cincinnati Reds,Casey Sean,6800000,46615248,28,5
2004,Cincinnati Reds,Graves Danny,6000000,46615248,28,5
2004,Cincinnati Reds,Wilson Paul,3500000,46615248,28,5
2004,Cincinnati Reds,Lidle Cory,2750000,46615248,28,5
2004,Cincinnati Reds,LaRue Jason,2600000,46615248,28,5
2004,Cincinnati Reds,Haynes Jimmy,2500000,46615248,28,5
2004,Cincinnati Reds,Jimenez D'Angelo,1615000,46615248,28,5
2004,Cincinnati Reds,Castro Juan,1000000,46615248,28,5
2004,Cincinnati Reds,Larkin Barry,700000,46615248,28,5
2004,Cincinnati Reds,Riedling John,650000,46615248,28,5
2004,Cincinnati Reds,Valentin Javier,500000,46615248,28,5
2004,Cincinnati Reds,Jones Todd,500000,46615248,28,5
2004,Cincinnati Reds,Dunn Adam,445000,46615248,28,5
2004,Cincinnati Reds,Kearns Austin,400000,46615248,28,5
2004,Cincinnati Reds,Harang  Aaron,360000,46615248,28,5
2004,Cincinnati Reds,Pena Wily,345000,46615248,28,5
2004,Cincinnati Reds,Acevedo Jose,340000,46615248,28,5
2004,Cincinnati Reds,Reith  Brian,327250,46615248,28,5
2004,Cincinnati Reds,Olmedo  Ray,322000,46615248,28,5
2004,Cincinnati Reds,Freel Ryan,320000,46615248,28,5
2004,Cincinnati Reds,Larson Brandon,318000,46615248,28,5
2004,Cincinnati Reds,Miller  Corky,317000,46615248,28,5
2004,Cincinnati Reds,Norton  Phillip,303500,46615248,28,5
2004,Cincinnati Reds,Wagner Ryan,302500,46615248,28,5
2004,Cincinnati Reds,Van Poppel Todd,300000,46615248,28,5
2004,Cincinnati Reds,Hall  Josh,300000,46615248,28,5
2004,Cincinnati Reds,Mattox DJ,300000,46615248,28,5
2004,Cleveland Indians,Lawton Matt,7250000,34319300,30,6
2004,Cleveland Indians,Wickman Bob,6000000,34319300,30,6
2004,Cleveland Indians,Vizquel Omar,6000000,34319300,30,6
2004,Cleveland Indians,Sabathia CC,2700000,34319300,30,6
2004,Cleveland Indians,Belliard Ron,1100000,34319300,30,6
2004,Cleveland Indians,Riske David,1025000,34319300,30,6
2004,Cleveland Indians,Jimenez Jose,1025000,34319300,30,6
2004,Cleveland Indians,Westbrook Jake,925000,34319300,30,6
2004,Cleveland Indians,Stewart Scott,850000,34319300,30,6
2004,Cleveland Indians,D'Amico Jeff,750000,34319300,30,6
2004,Cleveland Indians,Merloni Lou,560000,34319300,30,6
2004,Cleveland Indians,Laker Tim,450000,34319300,30,6
2004,Cleveland Indians,Blake Casey,352400,34319300,30,6
2004,Cleveland Indians,Davis Jason,326800,34319300,30,6
2004,Cleveland Indians,Gerut  Jody,325600,34319300,30,6
2004,Cleveland Indians,McDonald John,324400,34319300,30,6
2004,Cleveland Indians,Broussard Ben,324100,34319300,30,6
2004,Cleveland Indians,Cressend Jack,322400,34319300,30,6
2004,Cleveland Indians,Crisp Coco,319400,34319300,30,6
2004,Cleveland Indians,Traber Billy,317500,34319300,30,6
2004,Cleveland Indians,Bard Josh,316700,34319300,30,6
2004,Cleveland Indians,Hafner Travis,316300,34319300,30,6
2004,Cleveland Indians,Durbin Chad,315000,34319300,30,6
2004,Cleveland Indians,Betancourt  Rafael,305200,34319300,30,6
2004,Cleveland Indians,Ludwick  Ryan,304700,34319300,30,6
2004,Cleveland Indians,Martinez  Victor,304500,34319300,30,6
2004,Cleveland Indians,Lee Cliff,303200,34319300,30,6
2004,Cleveland Indians,Stanford  Jason,302900,34319300,30,6
2004,Cleveland Indians,Escobar Alex,302200,34319300,30,6
2004,Cleveland Indians,Tallet  Brian,301000,34319300,30,6
2004,Colorado Rockies,Walker Larry,12666667,65445168,28,5
2004,Colorado Rockies,Helton Todd,11600000,65445168,28,5
2004,Colorado Rockies,Wilson Preston,9000000,65445168,28,5
2004,Colorado Rockies,Johnson Charles,9000000,65445168,28,5
2004,Colorado Rockies,Neagle Denny,9000000,65445168,28,5
2004,Colorado Rockies,Castilla Vinny,2100000,65445168,28,5
2004,Colorado Rockies,Chacon Shawn,1850000,65445168,28,5
2004,Colorado Rockies,Burnitz Jeromy,1250000,65445168,28,5
2004,Colorado Rockies,Nunez Vladimir,700000,65445168,28,5
2004,Colorado Rockies,Wendell Turk,700000,65445168,28,5
2004,Colorado Rockies,Clayton Royce,650000,65445168,28,5
2004,Colorado Rockies,Hocking Denny,650000,65445168,28,5
2004,Colorado Rockies,Reed Steve,600000,65445168,28,5
2004,Colorado Rockies,Estes Shawn,600000,65445168,28,5
2004,Colorado Rockies,Greene Todd,550000,65445168,28,5
2004,Colorado Rockies,Fassero Jeff,500000,65445168,28,5
2004,Colorado Rockies,Elarton Scott,480000,65445168,28,5
2004,Colorado Rockies,Sweeney Mark,400000,65445168,28,5
2004,Colorado Rockies,Jennings Jason,340000,65445168,28,5
2004,Colorado Rockies,Stark Dennis,321000,65445168,28,5
2004,Colorado Rockies,Bernero Adam,320000,65445168,28,5
2004,Colorado Rockies,Kennedy Joe,320000,65445168,28,5
2004,Colorado Rockies,Fuentes Brian,320000,65445168,28,5
2004,Colorado Rockies,Lopez Javier,317500,65445168,28,5
2004,Colorado Rockies,Pellow Kit,310000,65445168,28,5
2004,Colorado Rockies,Gonzalez Luis,300000,65445168,28,5
2004,Colorado Rockies,Miles Aaron,300000,65445168,28,5
2004,Colorado Rockies,Reyes  Rene,300000,65445168,28,5
2004,Detroit Tigers,Higginson Bobby,8850000,46832000,28,5
2004,Detroit Tigers,Young Dmitri,7750000,46832000,28,5
2004,Detroit Tigers,Rodriguez Ivan,7000000,46832000,28,5
2004,Detroit Tigers,Johnson Jason,3000000,46832000,28,5
2004,Detroit Tigers,Vina Fernando,3000000,46832000,28,5
2004,Detroit Tigers,Patterson Danny,2800000,46832000,28,5
2004,Detroit Tigers,White Rondell,2750000,46832000,28,5
2004,Detroit Tigers,Guillen Carlos,2500000,46832000,28,5
2004,Detroit Tigers,Munson Eric,1487500,46832000,28,5
2004,Detroit Tigers,Levine Alan,825000,46832000,28,5
2004,Detroit Tigers,Walker Jamie,775000,46832000,28,5
2004,Detroit Tigers,Yan Esteban,650000,46832000,28,5
2004,Detroit Tigers,Norton Greg,600000,46832000,28,5
2004,Detroit Tigers,Sanchez Alex,385000,46832000,28,5
2004,Detroit Tigers,Inge Brandon,340000,46832000,28,5
2004,Detroit Tigers,Monroe  Craig,335000,46832000,28,5
2004,Detroit Tigers,Cornejo Nate,335000,46832000,28,5
2004,Detroit Tigers,Maroth Mike,332500,46832000,28,5
2004,Detroit Tigers,Bonderman Jeremy,330000,46832000,28,5
2004,Detroit Tigers,Pena Carlos,330000,46832000,28,5
2004,Detroit Tigers,Spurling Chris,325000,46832000,28,5
2004,Detroit Tigers,Knotts Gary,316000,46832000,28,5
2004,Detroit Tigers,Robertson Nate,305000,46832000,28,5
2004,Detroit Tigers,Infante Omar,305000,46832000,28,5
2004,Detroit Tigers,Rodney Fernando,304000,46832000,28,5
2004,Detroit Tigers,Colyer Steve,302000,46832000,28,5
2004,Detroit Tigers,Shelton Chris,300000,46832000,28,5
2004,Detroit Tigers,Urdaneta Lino,300000,46832000,28,5
2004,Florida Marlins,Lowell Mike,6500000,42143040,27,5
2004,Florida Marlins,Castillo Luis,4666667,42143040,27,5
2004,Florida Marlins,Pavano Carl,3800000,42143040,27,5
2004,Florida Marlins,Penny Brad,3725000,42143040,27,5
2004,Florida Marlins,Benitez Armando,3500000,42143040,27,5
2004,Florida Marlins,Conine Jeff,3000000,42143040,27,5
2004,Florida Marlins,Gonzalez Alex,2800000,42143040,27,5
2004,Florida Marlins,Burnett AJ,2500000,42143040,27,5
2004,Florida Marlins,Pierre Juan,2400000,42143040,27,5
2004,Florida Marlins,Beckett Josh,1509375,42143040,27,5
2004,Florida Marlins,Fox Chad,1200000,42143040,27,5
2004,Florida Marlins,Redmond Mike,840000,42143040,27,5
2004,Florida Marlins,Oliver Darren,750000,42143040,27,5
2004,Florida Marlins,Cordero Wil,600000,42143040,27,5
2004,Florida Marlins,Mordecai Mike,425000,42143040,27,5
2004,Florida Marlins,Harris Lenny,400000,42143040,27,5
2004,Florida Marlins,Castro Ramon,400000,42143040,27,5
2004,Florida Marlins,Willis  Dontrelle,353500,42143040,27,5
2004,Florida Marlins,Perisho Matt,325000,42143040,27,5
2004,Florida Marlins,Cabrera  Miguel,320000,42143040,27,5
2004,Florida Marlins,Choi Hee Seop,310000,42143040,27,5
2004,Florida Marlins,Phelps Tommy,307500,42143040,27,5
2004,Florida Marlins,Bump  Nate,305000,42143040,27,5
2004,Florida Marlins,Spooneybarger Tim,305000,42143040,27,5
2004,Florida Marlins,Wayne Justin,301000,42143040,27,5
2004,Florida Marlins,Nunez Abraham,300000,42143040,27,5
2004,Florida Marlins,Easley Damion,300000,42143040,27,5
2004,Houston Astros,Bagwell Jeff,16000000,75397000,25,5
2004,Houston Astros,Hidalgo Richard,12500000,75397000,25,5
2004,Houston Astros,Kent Jeff,10000000,75397000,25,5
2004,Houston Astros,Berkman Lance,6500000,75397000,25,5
2004,Houston Astros,Pettitte Andy,5500000,75397000,25,5
2004,Houston Astros,Clemens Roger,5000000,75397000,25,5
2004,Houston Astros,Miller Wade,3400000,75397000,25,5
2004,Houston Astros,Oswalt Roy,3250000,75397000,25,5
2004,Houston Astros,Biggio Craig,3000000,75397000,25,5
2004,Houston Astros,Dotel Octavio,2800000,75397000,25,5
2004,Houston Astros,Vizcaino Jose,1200000,75397000,25,5
2004,Houston Astros,Ausmus Brad,1000000,75397000,25,5
2004,Houston Astros,Palmeiro Orlando,750000,75397000,25,5
2004,Houston Astros,Miceli Dan,600000,75397000,25,5
2004,Houston Astros,Stone Ricky,395000,75397000,25,5
2004,Houston Astros,Redding Tim,395000,75397000,25,5
2004,Houston Astros,Duckworth Brandon,390000,75397000,25,5
2004,Houston Astros,Ensberg Morgan,380000,75397000,25,5
2004,Houston Astros,Everett Adam,370000,75397000,25,5
2004,Houston Astros,Lidge Brad,360000,75397000,25,5
2004,Houston Astros,Lamb Mike,352000,75397000,25,5
2004,Houston Astros,Fernandez Jared,325000,75397000,25,5
2004,Houston Astros,Chavez Raul,315000,75397000,25,5
2004,Houston Astros,Lane Jason,307500,75397000,25,5
2004,Houston Astros,Bruntlett Eric,307500,75397000,25,5
2004,Kansas City Royals,Sweeney Mike,11000000,47609000,30,6
2004,Kansas City Royals,Beltran Carlos,9000000,47609000,30,6
2004,Kansas City Royals,Gonzalez Juan,4000000,47609000,30,6
2004,Kansas City Royals,Randa Joe,3250000,47609000,30,6
2004,Kansas City Royals,Anderson Brian,3250000,47609000,30,6
2004,Kansas City Royals,Santiago Benito,2150000,47609000,30,6
2004,Kansas City Royals,Sullivan Scott,2100000,47609000,30,6
2004,Kansas City Royals,May Darrell,1750000,47609000,30,6
2004,Kansas City Royals,Leskanic Curtis,1250000,47609000,30,6
2004,Kansas City Royals,Graffanino Tony,1100000,47609000,30,6
2004,Kansas City Royals,Stairs Matt,1000000,47609000,30,6
2004,Kansas City Royals,Grimsley Jason,1000000,47609000,30,6
2004,Kansas City Royals,Relaford Desi,900000,47609000,30,6
2004,Kansas City Royals,Reyes Dennys,550000,47609000,30,6
2004,Kansas City Royals,Stinnett Kelly,500000,47609000,30,6
2004,Kansas City Royals,Berroa Angel,372500,47609000,30,6
2004,Kansas City Royals,Affeldt Jeremy,350000,47609000,30,6
2004,Kansas City Royals,MacDougal Mike,346500,47609000,30,6
2004,Kansas City Royals,Lopez Mendy,330000,47609000,30,6
2004,Kansas City Royals,Asencio Miguel,328500,47609000,30,6
2004,Kansas City Royals,Carrasco DJ,320500,47609000,30,6
2004,Kansas City Royals,Guiel  Aaron,320000,47609000,30,6
2004,Kansas City Royals,Harvey Ken,317500,47609000,30,6
2004,Kansas City Royals,Snyder  Kyle,307500,47609000,30,6
2004,Kansas City Royals,Field  Nate,306500,47609000,30,6
2004,Kansas City Royals,Hernandez Runelvys,305500,47609000,30,6
2004,Kansas City Royals,Gobble  Jimmy,304000,47609000,30,6
2004,Kansas City Royals,Appier Kevin,300000,47609000,30,6
2004,Kansas City Royals,Thompson Rich,300000,47609000,30,6
2004,Kansas City Royals,Camp Shawn,300000,47609000,30,6
2004,Los Angeles Dodgers,Green Shawn,16666667,92902000,27,5
2004,Los Angeles Dodgers,Dreifort Darren,12400000,92902000,27,5
2004,Los Angeles Dodgers,Nomo Hideo,9000000,92902000,27,5
2004,Los Angeles Dodgers,Hundley Todd,7000000,92902000,27,5
2004,Los Angeles Dodgers,Weaver Jeff,6250000,92902000,27,5
2004,Los Angeles Dodgers,Gagne Eric,5000000,92902000,27,5
2004,Los Angeles Dodgers,Beltre Adrian,5000000,92902000,27,5
2004,Los Angeles Dodgers,Perez Odalis,5000000,92902000,27,5
2004,Los Angeles Dodgers,Lo Duca Paul,4066667,92902000,27,5
2004,Los Angeles Dodgers,Shuey Paul,3916667,92902000,27,5
2004,Los Angeles Dodgers,Encarnacion Juan,3565000,92902000,27,5
2004,Los Angeles Dodgers,Ishii Kazuhisa,2975000,92902000,27,5
2004,Los Angeles Dodgers,Bradley Milton,1730000,92902000,27,5
2004,Los Angeles Dodgers,Alvarez Wilson,1500000,92902000,27,5
2004,Los Angeles Dodgers,Mota Guillermo,1475000,92902000,27,5
2004,Los Angeles Dodgers,Martin Tom,1400000,92902000,27,5
2004,Los Angeles Dodgers,Cora Alex,1300000,92902000,27,5
2004,Los Angeles Dodgers,Ventura Robin,1200000,92902000,27,5
2004,Los Angeles Dodgers,Roberts Dave,975000,92902000,27,5
2004,Los Angeles Dodgers,Izturis Cesar,358500,92902000,27,5
2004,Los Angeles Dodgers,Ross  David,310000,92902000,27,5
2004,Los Angeles Dodgers,Sanchez  Duaner,305000,92902000,27,5
2004,Los Angeles Dodgers,Werth Jayson,303000,92902000,27,5
2004,Los Angeles Dodgers,Falkenborg Brian,302500,92902000,27,5
2004,Los Angeles Dodgers,Ruan  Wilkin,301000,92902000,27,5
2004,Los Angeles Dodgers,Grabowski  Jason,301000,92902000,27,5
2004,Los Angeles Dodgers,Thurston  Joe,301000,92902000,27,5
2004,Milwaukee Brewers,Jenkins Geoff,8737500,27528500,25,5
2004,Milwaukee Brewers,Counsell Craig,3166667,27528500,25,5
2004,Milwaukee Brewers,Sheets Ben,2425000,27528500,25,5
2004,Milwaukee Brewers,Spivey Junior,2367500,27528500,25,5
2004,Milwaukee Brewers,Helms Wes,1687500,27528500,25,5
2004,Milwaukee Brewers,Kolb Dan,1500000,27528500,25,5
2004,Milwaukee Brewers,Grieve Ben,700000,27528500,25,5
2004,Milwaukee Brewers,Bennett Gary,600000,27528500,25,5
2004,Milwaukee Brewers,Vizcaino Luis,550000,27528500,25,5
2004,Milwaukee Brewers,Davis Doug,450000,27528500,25,5
2004,Milwaukee Brewers,Burba Dave,440000,27528500,25,5
2004,Milwaukee Brewers,Hernandez Adrian,425000,27528500,25,5
2004,Milwaukee Brewers,Podsednik Scott,400000,27528500,25,5
2004,Milwaukee Brewers,Kinney Matt,400000,27528500,25,5
2004,Milwaukee Brewers,Ginter Keith,383333,27528500,25,5
2004,Milwaukee Brewers,Kieschnick Brooks,380000,27528500,25,5
2004,Milwaukee Brewers,Clark Brady,376000,27528500,25,5
2004,Milwaukee Brewers,Moeller Chad,370000,27528500,25,5
2004,Milwaukee Brewers,Overbay Lyle,326000,27528500,25,5
2004,Milwaukee Brewers,Obermueller  Wes,314000,27528500,25,5
2004,Milwaukee Brewers,Hall  Bill,310000,27528500,25,5
2004,Milwaukee Brewers,Ford Ben,310000,27528500,25,5
2004,Milwaukee Brewers,Durrington Trent,305000,27528500,25,5
2004,Milwaukee Brewers,Capuano  Chris,305000,27528500,25,5
2004,Milwaukee Brewers,Bennett Jeff,300000,27528500,25,5
2004,Minnesota Twins,Radke Brad,10750000,53585000,26,5
2004,Minnesota Twins,Hunter Torii,6500000,53585000,26,5
2004,Minnesota Twins,Mays Joe,5750000,53585000,26,5
2004,Minnesota Twins,Stewart Shannon,5500000,53585000,26,5
2004,Minnesota Twins,Koskie Corey,4500000,53585000,26,5
2004,Minnesota Twins,Jones Jacque,4350000,53585000,26,5
2004,Minnesota Twins,Guzman Cristian,3725000,53585000,26,5
2004,Minnesota Twins,Mientkiewicz Doug,2800000,53585000,26,5
2004,Minnesota Twins,Santana Johan,1600000,53585000,26,5
2004,Minnesota Twins,Rivas Luis,1500000,53585000,26,5
2004,Minnesota Twins,Romero JC,820000,53585000,26,5
2004,Minnesota Twins,Blanco Henry,750000,53585000,26,5
2004,Minnesota Twins,Fultz Aaron,550000,53585000,26,5
2004,Minnesota Twins,Offerman Jose,500000,53585000,26,5
2004,Minnesota Twins,Nathan Joe,440000,53585000,26,5
2004,Minnesota Twins,Lohse Kyle,395000,53585000,26,5
2004,Minnesota Twins,Lecroy Matt,340000,53585000,26,5
2004,Minnesota Twins,Silva Carlos,340000,53585000,26,5
2004,Minnesota Twins,Rincon  Juan,330000,53585000,26,5
2004,Minnesota Twins,Roa Joe,320000,53585000,26,5
2004,Minnesota Twins,Cuddyer Michael,307500,53585000,26,5
2004,Minnesota Twins,Punto Nick,307500,53585000,26,5
2004,Minnesota Twins,Ryan Michael,305000,53585000,26,5
2004,Minnesota Twins,Pulido Carlos,305000,53585000,26,5
2004,Minnesota Twins,Mauer Joe,300000,53585000,26,5
2004,Minnesota Twins,Thomas Brad,300000,53585000,26,5
2004,Montreal Expos,Vidro Jose,7000000,41197500,30,6
2004,Montreal Expos,Cabrera Orlando,6000000,41197500,30,6
2004,Montreal Expos,Hernandez Livan,6000000,41197500,30,6
2004,Montreal Expos,Everett Carl,3000000,41197500,30,6
2004,Montreal Expos,Diaz Einar,2587500,41197500,30,6
2004,Montreal Expos,Ohka Tomo,2337500,41197500,30,6
2004,Montreal Expos,Armas Tony,2100000,41197500,30,6
2004,Montreal Expos,Biddle Rocky,1950000,41197500,30,6
2004,Montreal Expos,Batista Tony,1500000,41197500,30,6
2004,Montreal Expos,Eischen Joey,1300000,41197500,30,6
2004,Montreal Expos,Johnson Nick,1250000,41197500,30,6
2004,Montreal Expos,Fox Andy,450000,41197500,30,6
2004,Montreal Expos,Wilkerson Brad,375000,41197500,30,6
2004,Montreal Expos,Fikac Jeremy,350000,41197500,30,6
2004,Montreal Expos,Schneider Brian,350000,41197500,30,6
2004,Montreal Expos,Lopez Luis,350000,41197500,30,6
2004,Montreal Expos,Ayala Luis,317500,41197500,30,6
2004,Montreal Expos,Day Zach,315000,41197500,30,6
2004,Montreal Expos,Calloway Ron,312500,41197500,30,6
2004,Montreal Expos,Rivera Juan,312000,41197500,30,6
2004,Montreal Expos,Patterson  John,310000,41197500,30,6
2004,Montreal Expos,Smith Dan,310000,41197500,30,6
2004,Montreal Expos,Carroll Jamey,310000,41197500,30,6
2004,Montreal Expos,Vargas Claudio,307500,41197500,30,6
2004,Montreal Expos,Kim  Sun Woo,303000,41197500,30,6
2004,Montreal Expos,Bergeron Peter,300000,41197500,30,6
2004,Montreal Expos,Sledge  Terrmel,300000,41197500,30,6
2004,Montreal Expos,Hodges  Scott,300000,41197500,30,6
2004,Montreal Expos,Cordero Chad,300000,41197500,30,6
2004,Montreal Expos,Bentz Chad,300000,41197500,30,6
2004,New York Mets,Vaughn Mo,17166667,96660968,28,5
2004,New York Mets,Piazza Mike,16071429,96660968,28,5
2004,New York Mets,Glavine Tom,10765608,96660968,28,5
2004,New York Mets,Leiter Al,10295600,96660968,28,5
2004,New York Mets,Floyd Cliff,6500000,96660968,28,5
2004,New York Mets,Matsui Kazuo,5033333,96660968,28,5
2004,New York Mets,Trachsel Steve,5000000,96660968,28,5
2004,New York Mets,Cameron Mike,4333333,96660968,28,5
2004,New York Mets,Gutierrez Ricky,4166667,96660968,28,5
2004,New York Mets,Weathers David,3933333,96660968,28,5
2004,New York Mets,Stanton Mike,3000000,96660968,28,5
2004,New York Mets,Looper Braden,2000000,96660968,28,5
2004,New York Mets,Zeile Todd,1000000,96660968,28,5
2004,New York Mets,Franco John,1000000,96660968,28,5
2004,New York Mets,Garcia Karim,800000,96660968,28,5
2004,New York Mets,Wilson Vance,715000,96660968,28,5
2004,New York Mets,Erickson Scott,700000,96660968,28,5
2004,New York Mets,Strickland Scott,650000,96660968,28,5
2004,New York Mets,Spencer Shane,537500,96660968,28,5
2004,New York Mets,McEwing Joe,500000,96660968,28,5
2004,New York Mets,Roberts Grant,319500,96660968,28,5
2004,New York Mets,Phillips Jason,318000,96660968,28,5
2004,New York Mets,Moreno Orber,317500,96660968,28,5
2004,New York Mets,Wigginton Ty,316000,96660968,28,5
2004,New York Mets,Wheeler Dan,311500,96660968,28,5
2004,New York Mets,Reyes  Jose,307500,96660968,28,5
2004,New York Mets,Valent Eric,302500,96660968,28,5
2004,New York Mets,Yates Tyler,300000,96660968,28,5
2004,New York Yankees,Rodriguez Alex,22000000,184193952,29,5
2004,New York Yankees,Jeter Derek,18600000,184193952,29,5
2004,New York Yankees,Mussina Mike,16000000,184193952,29,5
2004,New York Yankees,Brown Kevin,15714286,184193952,29,5
2004,New York Yankees,Sheffield Gary,13000000,184193952,29,5
2004,New York Yankees,Giambi Jason,12428571,184193952,29,5
2004,New York Yankees,Williams Bernie,12357143,184193952,29,5
2004,New York Yankees,Rivera Mariano,10890000,184193952,29,5
2004,New York Yankees,Posada Jorge,9000000,184193952,29,5
2004,New York Yankees,Vazquez Javier,9000000,184193952,29,5
2004,New York Yankees,Contreras Jose,8500000,184193952,29,5
2004,New York Yankees,Matsui Hideki,7000000,184193952,29,5
2004,New York Yankees,Karsay Steve,6000000,184193952,29,5
2004,New York Yankees,Gordon Tom,3500000,184193952,29,5
2004,New York Yankees,Lofton Kenny,3100000,184193952,29,5
2004,New York Yankees,Quantrill Paul,3000000,184193952,29,5
2004,New York Yankees,Lieber Jon,2700000,184193952,29,5
2004,New York Yankees,Lee Travis,2000000,184193952,29,5
2004,New York Yankees,White Gabe,1925000,184193952,29,5
2004,New York Yankees,Heredia Felix,1800000,184193952,29,5
2004,New York Yankees,Sierra Ruben,1000000,184193952,29,5
2004,New York Yankees,Cairo Miguel,900000,184193952,29,5
2004,New York Yankees,Flaherty John,775000,184193952,29,5
2004,New York Yankees,Clark Tony,750000,184193952,29,5
2004,New York Yankees,Wilson Enrique,700000,184193952,29,5
2004,New York Yankees,Hernandez Orlando,500000,184193952,29,5
2004,New York Yankees,Osborne Donovan,450000,184193952,29,5
2004,New York Yankees,De Paula  Jorge,302550,184193952,29,5
2004,New York Yankees,Crosby  Bubba,301400,184193952,29,5
2004,Oakland Athletics,Dye Jermaine,11666667,59425668,28,5
2004,Oakland Athletics,Kotsay Mark,5500000,59425668,28,5
2004,Oakland Athletics,Chavez Eric,5325000,59425668,28,5
2004,Oakland Athletics,Hudson Tim,5000000,59425668,28,5
2004,Oakland Athletics,Mulder Mark,4450000,59425668,28,5
2004,Oakland Athletics,Mecir Jim,3300000,59425668,28,5
2004,Oakland Athletics,Zito Barry,3000000,59425668,28,5
2004,Oakland Athletics,Miller Damian,3000000,59425668,28,5
2004,Oakland Athletics,Hammond Chris,2400000,59425668,28,5
2004,Oakland Athletics,Hatteberg Scott,2300000,59425668,28,5
2004,Oakland Athletics,Durazo Erubiel,2100000,59425668,28,5
2004,Oakland Athletics,Redman Mark,2000000,59425668,28,5
2004,Oakland Athletics,Rhodes Arthur,1800000,59425668,28,5
2004,Oakland Athletics,Rincon Ricardo,1750000,59425668,28,5
2004,Oakland Athletics,Bradford Chad,965000,59425668,28,5
2004,Oakland Athletics,McLemore Mark,600000,59425668,28,5
2004,Oakland Athletics,Karros Eric,550000,59425668,28,5
2004,Oakland Athletics,McMillon Billy,450000,59425668,28,5
2004,Oakland Athletics,Menechino Frank,400000,59425668,28,5
2004,Oakland Athletics,Melhuse Adam,357500,59425668,28,5
2004,Oakland Athletics,Kielty Bobby,347500,59425668,28,5
2004,Oakland Athletics,Byrnes Eric,328000,59425668,28,5
2004,Oakland Athletics,Ellis Mark,323500,59425668,28,5
2004,Oakland Athletics,Harville Chad,307000,59425668,28,5
2004,Oakland Athletics,Duchscherer  Justin,302500,59425668,28,5
2004,Oakland Athletics,Scutaro Marco,301500,59425668,28,5
2004,Oakland Athletics,German  Esteban,301000,59425668,28,5
2004,Oakland Athletics,Crosby Bobby,300500,59425668,28,5
2004,Philadelphia Phillies,Thome Jim,12166667,93219168,27,5
2004,Philadelphia Phillies,Millwood Kevin,11000000,93219168,27,5
2004,Philadelphia Phillies,Abreu Bobby,10600000,93219168,27,5
2004,Philadelphia Phillies,Milton Eric,9000000,93219168,27,5
2004,Philadelphia Phillies,Wagner Billy,8000000,93219168,27,5
2004,Philadelphia Phillies,Lieberthal Mike,7500000,93219168,27,5
2004,Philadelphia Phillies,Bell David,4400000,93219168,27,5
2004,Philadelphia Phillies,Wolf Randy,4375000,93219168,27,5
2004,Philadelphia Phillies,Burrell Pat,4250000,93219168,27,5
2004,Philadelphia Phillies,Polanco Placido,3950000,93219168,27,5
2004,Philadelphia Phillies,Cormier Rheal,3000000,93219168,27,5
2004,Philadelphia Phillies,Worrell Tim,2750000,93219168,27,5
2004,Philadelphia Phillies,Padilla Vicente,2600000,93219168,27,5
2004,Philadelphia Phillies,Rollins Jimmy,2425000,93219168,27,5
2004,Philadelphia Phillies,Ledee Ricky,1225000,93219168,27,5
2004,Philadelphia Phillies,Pratt Todd,875000,93219168,27,5
2004,Philadelphia Phillies,Hernandez Roberto,750000,93219168,27,5
2004,Philadelphia Phillies,Perez Tomas,750000,93219168,27,5
2004,Philadelphia Phillies,Wooten Shawn,575000,93219168,27,5
2004,Philadelphia Phillies,Glanville Doug,550000,93219168,27,5
2004,Philadelphia Phillies,Telemaco Amaury,525000,93219168,27,5
2004,Philadelphia Phillies,Myers Brett,362500,93219168,27,5
2004,Philadelphia Phillies,Byrd Marlon,355000,93219168,27,5
2004,Philadelphia Phillies,Michaels Jason,335000,93219168,27,5
2004,Philadelphia Phillies,Junge  Eric,300000,93219168,27,5
2004,Philadelphia Phillies,Madson  Ryan,300000,93219168,27,5
2004,Philadelphia Phillies,Machado  Anderson,300000,93219168,27,5
2004,Pittsburgh Pirates,Kendall Jason,8571429,32227928,27,5
2004,Pittsburgh Pirates,Benson Kris,6150000,32227928,27,5
2004,Pittsburgh Pirates,Wells Kip,2575000,32227928,27,5
2004,Pittsburgh Pirates,Boehringer Brian,2000000,32227928,27,5
2004,Pittsburgh Pirates,Wilson Jack,1850000,32227928,27,5
2004,Pittsburgh Pirates,Mondesi Raul,1150000,32227928,27,5
2004,Pittsburgh Pirates,Wilson Craig,1150000,32227928,27,5
2004,Pittsburgh Pirates,Mesa Jose,800000,32227928,27,5
2004,Pittsburgh Pirates,Simon Randall,800000,32227928,27,5
2004,Pittsburgh Pirates,Torres Salomon,775000,32227928,27,5
2004,Pittsburgh Pirates,Stynes Chris,750000,32227928,27,5
2004,Pittsburgh Pirates,Meadows Brian,625000,32227928,27,5
2004,Pittsburgh Pirates,Nunez Abraham,625000,32227928,27,5
2004,Pittsburgh Pirates,Boyd Jason,350000,32227928,27,5
2004,Pittsburgh Pirates,Fogg Josh,342000,32227928,27,5
2004,Pittsburgh Pirates,Mackowiak Rob,335000,32227928,27,5
2004,Pittsburgh Pirates,Perez Oliver,321000,32227928,27,5
2004,Pittsburgh Pirates,Redman Tike,321000,32227928,27,5
2004,Pittsburgh Pirates,Hill  Bobby,315000,32227928,27,5
2004,Pittsburgh Pirates,Vogelsong Ryan,311500,32227928,27,5
2004,Pittsburgh Pirates,Bay Jason,305000,32227928,27,5
2004,Pittsburgh Pirates,Cota  Humberto,303000,32227928,27,5
2004,Pittsburgh Pirates,Sanchez  Freddy,303000,32227928,27,5
2004,Pittsburgh Pirates,Davis JJ,300000,32227928,27,5
2004,Pittsburgh Pirates,Grabow  John,300000,32227928,27,5
2004,Pittsburgh Pirates,Castillo  Jose,300000,32227928,27,5
2004,Pittsburgh Pirates,Johnston Mike,300000,32227928,27,5
2004,San Diego Padres,Giles Brian,8833333,55384832,26,5
2004,San Diego Padres,Nevin Phil,8500000,55384832,26,5
2004,San Diego Padres,Cirillo Jeff,6975000,55384832,26,5
2004,San Diego Padres,Klesko Ryan,6000000,55384832,26,5
2004,San Diego Padres,Long Terrence,3575000,55384832,26,5
2004,San Diego Padres,Hernandez Ramon,2937500,55384832,26,5
2004,San Diego Padres,Hoffman Trevor,2500000,55384832,26,5
2004,San Diego Padres,Loretta Mark,2500000,55384832,26,5
2004,San Diego Padres,Eaton Adam,1925000,55384832,26,5
2004,San Diego Padres,Witasick Jay,1750000,55384832,26,5
2004,San Diego Padres,Payton Jay,1500000,55384832,26,5
2004,San Diego Padres,Wells David,1250000,55384832,26,5
2004,San Diego Padres,Lawrence Brian,925000,55384832,26,5
2004,San Diego Padres,Valdes Ismael,800000,55384832,26,5
2004,San Diego Padres,Osuna Antonio,750000,55384832,26,5
2004,San Diego Padres,Otsuka Akinori,700000,55384832,26,5
2004,San Diego Padres,Buchanan Brian,650000,55384832,26,5
2004,San Diego Padres,Oropesa Eddie,600000,55384832,26,5
2004,San Diego Padres,Robinson Kerry,450000,55384832,26,5
2004,San Diego Padres,Peavy Jacob,350000,55384832,26,5
2004,San Diego Padres,Vazquez Ramon,342500,55384832,26,5
2004,San Diego Padres,Burroughs Sean,340000,55384832,26,5
2004,San Diego Padres,Linebrink Scott,326000,55384832,26,5
2004,San Diego Padres,Ojeda  Miguel,305000,55384832,26,5
2004,San Diego Padres,Greene Khalil,300500,55384832,26,5
2004,San Diego Padres,Szuminski Jason,300000,55384832,26,5
2004,San Fransisco Giants,Bonds Barry,18000000,82019168,31,6
2004,San Fransisco Giants,Nen Robb,9150000,82019168,31,6
2004,San Fransisco Giants,Schmidt Jason,7937500,82019168,31,6
2004,San Fransisco Giants,Durham Ray,7200000,82019168,31,6
2004,San Fransisco Giants,Alfonzo Edgardo,6500000,82019168,31,6
2004,San Fransisco Giants,Rueter Kirk,6133333,82019168,31,6
2004,San Fransisco Giants,Pierzynski AJ,3500000,82019168,31,6
2004,San Fransisco Giants,Rodriguez Felix,3050000,82019168,31,6
2004,San Fransisco Giants,Perez Neifi,2750000,82019168,31,6
2004,San Fransisco Giants,Christiansen Jason,2433333,82019168,31,6
2004,San Fransisco Giants,Grissom Marquis,2125000,82019168,31,6
2004,San Fransisco Giants,Tucker Michael,1500000,82019168,31,6
2004,San Fransisco Giants,Snow JT,1500000,82019168,31,6
2004,San Fransisco Giants,Tomko Brett,1200000,82019168,31,6
2004,San Fransisco Giants,Herges Matt,1100000,82019168,31,6
2004,San Fransisco Giants,Hammonds Jeffrey,1000000,82019168,31,6
2004,San Fransisco Giants,Eyre Scott,1000000,82019168,31,6
2004,San Fransisco Giants,Feliz Pedro,850000,82019168,31,6
2004,San Fransisco Giants,Hermanson Dustin,800000,82019168,31,6
2004,San Fransisco Giants,Brower Jim,662500,82019168,31,6
2004,San Fransisco Giants,Walker Kevin,450000,82019168,31,6
2004,San Fransisco Giants,Franklin Wayne,360000,82019168,31,6
2004,San Fransisco Giants,Mohr Dustan,342500,82019168,31,6
2004,San Fransisco Giants,Torrealba Yorvit,334000,82019168,31,6
2004,San Fransisco Giants,Estrella  Leoncio,316000,82019168,31,6
2004,San Fransisco Giants,Foppert  Jesse,312000,82019168,31,6
2004,San Fransisco Giants,Williams Jerome,308000,82019168,31,6
2004,San Fransisco Giants,Ransom  Cody,303000,82019168,31,6
2004,San Fransisco Giants,Torcato Tony,302000,82019168,31,6
2004,San Fransisco Giants,Aardsma Dave,300000,82019168,31,6
2004,San Fransisco Giants,Niekro  Lance,300000,82019168,31,6
2004,Seattle Mariners,Boone Bret,8000000,81515832,28,5
2004,Seattle Mariners,Olerud John,7700000,81515832,28,5
2004,Seattle Mariners,Moyer Jamie,7000000,81515832,28,5
2004,Seattle Mariners,Garcia Freddy,6875000,81515832,28,5
2004,Seattle Mariners,Suzuki Ichiro,6500000,81515832,28,5
2004,Seattle Mariners,Jarvis Kevin,4250000,81515832,28,5
2004,Seattle Mariners,Guardado Eddie,4000000,81515832,28,5
2004,Seattle Mariners,Ibanez Raul,3916667,81515832,28,5
2004,Seattle Mariners,Winn Randy,3500000,81515832,28,5
2004,Seattle Mariners,Wilson Dan,3500000,81515832,28,5
2004,Seattle Mariners,Aurilia Rich,3150000,81515832,28,5
2004,Seattle Mariners,Martinez Edgar,3000000,81515832,28,5
2004,Seattle Mariners,Pineiro Joel,3000000,81515832,28,5
2004,Seattle Mariners,Hasegawa Shigetoshi,2750000,81515832,28,5
2004,Seattle Mariners,Spiezio Scott,2566667,81515832,28,5
2004,Seattle Mariners,Meche Gil,1950000,81515832,28,5
2004,Seattle Mariners,Franklin Ryan,1800000,81515832,28,5
2004,Seattle Mariners,McCracken Quinton,1750000,81515832,28,5
2004,Seattle Mariners,Davis Ben,1400000,81515832,28,5
2004,Seattle Mariners,Villone Ron,1000000,81515832,28,5
2004,Seattle Mariners,Cabrera Jolbert,1000000,81515832,28,5
2004,Seattle Mariners,Hansen Dave,750000,81515832,28,5
2004,Seattle Mariners,Myers Mike,550000,81515832,28,5
2004,Seattle Mariners,Mateo Julio,345000,81515832,28,5
2004,Seattle Mariners,Soriano Rafael,335000,81515832,28,5
2004,Seattle Mariners,Bloomquist Willie,325000,81515832,28,5
2004,Seattle Mariners,Taylor  Aaron,302500,81515832,28,5
2004,Seattle Mariners,Snelling Chris,300000,81515832,28,5
2004,St. Louis Cardinals,Morris Matt,12500000,83228336,26,5
2004,St. Louis Cardinals,Edmonds Jim,9333333,83228336,26,5
2004,St. Louis Cardinals,Rolen Scott,8625000,83228336,26,5
2004,St. Louis Cardinals,Williams Woody,8000000,83228336,26,5
2004,St. Louis Cardinals,Isringhausen Jason,7750000,83228336,26,5
2004,St. Louis Cardinals,Renteria Edgar,7250000,83228336,26,5
2004,St. Louis Cardinals,Pujols Albert,7000000,83228336,26,5
2004,St. Louis Cardinals,Cedeno Roger,5375000,83228336,26,5
2004,St. Louis Cardinals,Matheny Mike,4000000,83228336,26,5
2004,St. Louis Cardinals,Sanders Reggie,2000000,83228336,26,5
2004,St. Louis Cardinals,Kline Steve,1700000,83228336,26,5
2004,St. Louis Cardinals,Tavarez Julian,1600000,83228336,26,5
2004,St. Louis Cardinals,Taguchi So,1200000,83228336,26,5
2004,St. Louis Cardinals,Suppan Jeff,1000000,83228336,26,5
2004,St. Louis Cardinals,Eldred Cal,900000,83228336,26,5
2004,St. Louis Cardinals,King Ray,900000,83228336,26,5
2004,St. Louis Cardinals,Lankford Ray,650000,83228336,26,5
2004,St. Louis Cardinals,Anderson Marlon,600000,83228336,26,5
2004,St. Louis Cardinals,Marquis Jason,525000,83228336,26,5
2004,St. Louis Cardinals,Lincoln Mike,450000,83228336,26,5
2004,St. Louis Cardinals,Simontacchi Jason,350000,83228336,26,5
2004,St. Louis Cardinals,Ankiel Rick,320000,83228336,26,5
2004,St. Louis Cardinals,Carpenter Chris,300000,83228336,26,5
2004,St. Louis Cardinals,Luna  Hector,300000,83228336,26,5
2004,St. Louis Cardinals,McKay Cody,300000,83228336,26,5
2004,St. Louis Cardinals,Womack Tony,300000,83228336,26,5
2004,Tampa Bay Devil Rays,Martinez Tino,7500000,29556668,27,5
2004,Tampa Bay Devil Rays,Huff Aubrey,2666667,29556668,27,5
2004,Tampa Bay Devil Rays,Cruz Jr Jose,2500000,29556668,27,5
2004,Tampa Bay Devil Rays,Baez Danys,1750000,29556668,27,5
2004,Tampa Bay Devil Rays,Lugo Julio,1750000,29556668,27,5
2004,Tampa Bay Devil Rays,Gonzalez Jeremi,1700000,29556668,27,5
2004,Tampa Bay Devil Rays,Blum Geoff,1500000,29556668,27,5
2004,Tampa Bay Devil Rays,Sanchez Rey,1000000,29556668,27,5
2004,Tampa Bay Devil Rays,Moss Damian,850000,29556668,27,5
2004,Tampa Bay Devil Rays,Fick Robert,800000,29556668,27,5
2004,Tampa Bay Devil Rays,Rolls Damian,800000,29556668,27,5
2004,Tampa Bay Devil Rays,Perez Eduardo,750000,29556668,27,5
2004,Tampa Bay Devil Rays,Fordyce Brook,650000,29556668,27,5
2004,Tampa Bay Devil Rays,Miller Trever,650000,29556668,27,5
2004,Tampa Bay Devil Rays,Halama John,600000,29556668,27,5
2004,Tampa Bay Devil Rays,Abbott Paul,600000,29556668,27,5
2004,Tampa Bay Devil Rays,Gipson Charles,350000,29556668,27,5
2004,Tampa Bay Devil Rays,Zambrano Victor,325000,29556668,27,5
2004,Tampa Bay Devil Rays,Crawford Carl,320000,29556668,27,5
2004,Tampa Bay Devil Rays,Baldelli Rocco,320000,29556668,27,5
2004,Tampa Bay Devil Rays,Hall Toby,320000,29556668,27,5
2004,Tampa Bay Devil Rays,Carter Lance,320000,29556668,27,5
2004,Tampa Bay Devil Rays,Hendrickson Mark,315000,29556668,27,5
2004,Tampa Bay Devil Rays,Sosa Jorge,312500,29556668,27,5
2004,Tampa Bay Devil Rays,McClung Seth,302500,29556668,27,5
2004,Tampa Bay Devil Rays,Gaudin Chad,302500,29556668,27,5
2004,Tampa Bay Devil Rays,Standridge  Jason,302500,29556668,27,5
2004,Texas Rangers,Park Chan Ho,14000000,55050416,29,5
2004,Texas Rangers,Greer Rusty,7400000,55050416,29,5
2004,Texas Rangers,Soriano Alfonso,5400000,55050416,29,5
2004,Texas Rangers,Zimmerman Jeff,4466667,55050416,29,5
2004,Texas Rangers,Powell Jay,3500000,55050416,29,5
2004,Texas Rangers,Teixeira Mark,2625000,55050416,29,5
2004,Texas Rangers,Rogers Kenny,2500000,55050416,29,5
2004,Texas Rangers,Cordero Francisco,2000000,55050416,29,5
2004,Texas Rangers,Nelson Jeff,1800000,55050416,29,5
2004,Texas Rangers,Perry Herbert,1700000,55050416,29,5
2004,Texas Rangers,Jordan Brian,1250000,55050416,29,5
2004,Texas Rangers,Young Eric,1000000,55050416,29,5
2004,Texas Rangers,Fullmer Brad,1000000,55050416,29,5
2004,Texas Rangers,Dellucci David,750000,55050416,29,5
2004,Texas Rangers,Blalock Hank,550000,55050416,29,5
2004,Texas Rangers,Barajas Rod,500000,55050416,29,5
2004,Texas Rangers,Mahay Ron,500000,55050416,29,5
2004,Texas Rangers,Young Mike,450000,55050416,29,5
2004,Texas Rangers,Almanzar Carlos,420000,55050416,29,5
2004,Texas Rangers,Shouse Brian,360000,55050416,29,5
2004,Texas Rangers,Mench Kevin,345000,55050416,29,5
2004,Texas Rangers,Dickey  RA,337500,55050416,29,5
2004,Texas Rangers,Lewis Colby,337500,55050416,29,5
2004,Texas Rangers,Benoit  Joaquin,335000,55050416,29,5
2004,Texas Rangers,Callaway Mickey,320000,55050416,29,5
2004,Texas Rangers,Ramirez  Erasmo,303750,55050416,29,5
2004,Texas Rangers,Nix Laynce,300000,55050416,29,5
2004,Texas Rangers,Laird  Gerald,300000,55050416,29,5
2004,Texas Rangers,Nivar Ramon,300000,55050416,29,5
2004,Toronto Blue Jays,Delgado Carlos,19700000,50017000,26,5
2004,Toronto Blue Jays,Halladay Roy,6000000,50017000,26,5
2004,Toronto Blue Jays,Batista Miguel,3600000,50017000,26,5
2004,Toronto Blue Jays,Catalanotto Frank,2300000,50017000,26,5
2004,Toronto Blue Jays,Hentgen Pat,2200000,50017000,26,5
2004,Toronto Blue Jays,Ligtenberg Kerry,2000000,50017000,26,5
2004,Toronto Blue Jays,Lilly Ted,1900000,50017000,26,5
2004,Toronto Blue Jays,Adams Terry,1700000,50017000,26,5
2004,Toronto Blue Jays,Speier Justin,1600000,50017000,26,5
2004,Toronto Blue Jays,Myers Greg,900000,50017000,26,5
2004,Toronto Blue Jays,Hinske Eric,900000,50017000,26,5
2004,Toronto Blue Jays,Wells Vernon,870000,50017000,26,5
2004,Toronto Blue Jays,De Los Santos Valerio,850000,50017000,26,5
2004,Toronto Blue Jays,Berg Dave,800000,50017000,26,5
2004,Toronto Blue Jays,Woodward Chris,775000,50017000,26,5
2004,Toronto Blue Jays,Gomez Chris,750000,50017000,26,5
2004,Toronto Blue Jays,Phelps Josh,342000,50017000,26,5
2004,Toronto Blue Jays,Towers Josh,340000,50017000,26,5
2004,Toronto Blue Jays,Hudson Orlando,322000,50017000,26,5
2004,Toronto Blue Jays,Johnson Reed,318000,50017000,26,5
2004,Toronto Blue Jays,Lopez Aquilino,318000,50017000,26,5
2004,Toronto Blue Jays,Kershner Jason,315000,50017000,26,5
2004,Toronto Blue Jays,File Bob,310000,50017000,26,5
2004,Toronto Blue Jays,Douglass  Sean,305000,50017000,26,5
2004,Toronto Blue Jays,Cash  Kevin,302000,50017000,26,5
2004,Toronto Blue Jays,Pond Simon,300000,50017000,26,5
