year,team,payroll,national,win,n_players_used,total_salary,top_n_payroll_share,payrollmil
2024,Los Angeles Dodgers,270841245,1,60.5,5,153000000,56.490657469839945,270.841245
2024,Philadelphia Phillies,249094493,1,58.6,5,137000000,54.99920867379433,249.094493
2024,San Diego Padres,171989899,1,57.4,5,98000000,56.98009044124155,171.989899
2024,New York Yankees,310916392,0,58,5,162000000,52.104039596599975,310.916392
2024,Atlanta Braves,233983496,1,54.9,5,118000000,50.430907314933016,233.983496
2024,Chicago Cubs,229724211,1,51.2,5,108000000,47.01289408280958,229.724211
2024,St. Louis Cardinals,178307638,1,51.2,5,96000000,53.839533222912195,178.307638
2024,Houston Astros,244875028,0,54.7,5,132000000,53.90504743505328,244.875028
2024,Toronto Blue Jays,218430267,0,45.7,5,112000000,51.27494533530007,218.430267
2024,Boston Red Sox,188194381,0,50,5,94000000,49.94835632207318,188.194381
2024,Texas Rangers,240847326,0,48.1,5,138000000,57.29770901,240.847326
2024,San Francisco Giants,210889334,1,49.4,5,109000000,51.685876157207645,210.889334
2024,Los Angeles Angels,178975716,0,38.9,5,102000000,56.990971892522005,178.975716
2024,Seattle Mariners,145385974,0,52.5,5,72000000,49.52334672944448,145.385974
2024,Colorado Rockies,151284860,1,37.7,5,84000000,55.524392857289214,151.28486
2024,Milwaukee Brewers,120338616,1,57.4,5,58000000,48.19733010723673,120.338616
2024,Arizona Diamondbacks,177136401,1,54.9,5,89000000,50.24376666657013,177.136401
2024,New York Mets,333262507,1,54.9,5,168000000,50.41071121750878,333.262507
2024,Baltimore Orioles,105416838,0,56.2,5,48000000,45.53352283247198,105.416838
2024,Cleveland Guardians,109502409,0,57.1,5,56000000,51.14042742201224,109.502409
2024,Cincinnati Reds,106970322,1,47.5,5,52000000,48.611613976444794,106.970322
2024,Washington Nationals,130310823,1,43.8,5,68000000,52.18292574209281,130.310823
2024,Minnesota Twins,132543419,0,50.6,5,69000000,52.05841264740575,132.543419
2024,Detroit Tigers,101035919,0,53.1,5,51000000,50.47709814961945,101.035919
2024,Pittsburgh Pirates,87300901,1,46.9,5,42000000,48.10946911074836,87.300901
2024,Kansas City Royals,121823972,0,53.1,5,61000000,50.07224686451694,121.823972
2024,Chicago White Sox,153903789,0,25.3,5,79000000,51.33077003061959,153.903789
2024,Tampa Bay Rays,90342690,0,49.4,5,41000000,45.38275315911005,90.34269
2024,Miami Marlins,98142446,1,38.3,5,46000000,46.87064758911756,98.142446
2024,Oakland Athletics,66467058,0,42.6,5,31000000,46.639645160765205,66.467058
2025,Los Angeles Dodgers,345260789,1,57.4,5,182000000,52.71377631011555,345.260789
2025,Philadelphia Phillies,291917801,1,59.3,5,154000000,52.75457662138254,291.917801
2025,San Diego Padres,217572711,1,55.6,5,119000000,54.69435916529073,217.572711
2025,New York Yankees,301524971,0,58,5,161000000,53.39524599440223,301.524971
2025,Atlanta Braves,218594102,1,46.9,5,114000000,52.15145283288567,218.594102
2025,Chicago Cubs,212035018,1,56.8,5,105000000,49.52012219038272,212.035018
2025,St. Louis Cardinals,139054024,1,48.1,5,76000000,54.65501667179369,139.054024
2025,Houston Astros,236422020,0,53.7,5,128000000,54.14047304053996,236.42202
2025,Toronto Blue Jays,253085735,0,58,5,129000000,50.97086961459918,253.085735
2025,Boston Red Sox,198195741,0,54.9,5,104000000,52.473377820969425,198.195741
2025,Texas Rangers,229863693,0,50,5,129000000,56.12021555748693,229.863693
2025,San Francisco Giants,182918169,1,50,5,96000000,52.48248466777513,182.918169
2025,Los Angeles Angels,207406579,0,44.4,5,111000000,53.51807089976639,207.406579
2025,Seattle Mariners,167294695,0,55.6,5,85000000,50.80854476586959,167.294695
2025,Colorado Rockies,128727478,1,26.5,5,72000000,55.93211419864841,128.727478
2025,Milwaukee Brewers,124894611,1,59.9,5,62000000,49.641853642508245,124.894611
2025,Arizona Diamondbacks,185110923,1,49.4,5,94000000,50.78036372818475,185.110923
2025,New York Mets,342075298,1,51.2,5,175000000,51.15832713533147,342.075298
2025,Baltimore Orioles,165575762,0,46.3,5,78000000,47.10834427565552,165.575762
2025,Cleveland Guardians,104157260,0,54.3,5,54000000,51.84468178214365,104.15726
2025,Cincinnati Reds,121385819,1,51.2,5,58000000,47.781528746780545,121.385819
2025,Washington Nationals,107686884,1,40.7,5,56000000,52.002619000471775,107.686884
2025,Minnesota Twins,128985983,0,43.2,5,67000000,51.94362863443852,128.985983
2025,Detroit Tigers,162891087,0,53.7,5,82000000,50.34038479956856,162.891087
2025,Pittsburgh Pirates,87229698,1,43.8,5,43000000,49.29513799302618,87.229698
2025,Kansas City Royals,141476898,0,50.6,5,72000000,50.891701060621216,141.476898
2025,Chicago White Sox,87847134,0,37,5,45000000,51.22534788670511,87.847134
2025,Tampa Bay Rays,80783818,0,47.5,5,38000000,47.03912360269974,80.783818
2025,Miami Marlins,68748295,1,48.8,5,33000000,48.00119042952265,68.748295
2025,Athletics,80981480,0,46.9,5,39000000,48.15915935347193,80.98148
