year,team,payroll,national,win
2003,Anenheim Angels,79031664,0,47.5
2003,Arizona Diamondbacks,80657000,1,51.9
2003,Atlanta Braves,106243664,1,62.3
2003,Baltimore Orioles,73877504,0,43.8
2003,Boston Red Sox,99946496,0,58.6
2003,Chicago Cubs,79868336,1,54.3
2003,Chicago White Sox,51010000,0,53.1
2003,Cincinnati Reds,59355668,1,42.6
2003,Cleveland Indians,48584832,0,42
2003,Colorado Rockies,67179664,1,45.7
2003,Detroit Tigers,49168000,0,26.5
2003,Florida Marlins,48750000,1,56.2
2003,Houston Astros,71040000,1,53.7
2003,Kansas City Royals,40518000,0,51.2
2003,Los Angeles Dodgers,105872624,1,52.5
2003,Milwaukee Brewers,40627000,1,42
2003,Minnesota Twins,55505000,0,55.6
2003,Montreal Expos,51948500,1,51.2
2003,New York Mets,117176432,1,41
2003,New York Yankees,152749808,0,62.3
2003,Oakland Athletics,50260832,0,59.3
2003,Philadelphia Phillies,70780000,1,53.1
2003,Pittsburgh Pirates,54812428,1,45.7
2003,San Diego Padres,45210000,1,39.5
2003,San Fransisco Giants,82852168,1,62.1
2003,Seattle Mariners,86959168,0,57.4
2003,St. Louis Cardinals,83786664,1,52.5
2003,Tampa Bay Devil Rays,19630000,0,38.9
2003,Texas Rangers,103491664,0,43.8
2003,Toronto Blue Jays,51269000,0,53.1
2004,Anenheim Angels,100534664,0,56.8
2004,Arizona Diamondbacks,69780752,1,31.5
2004,Atlanta Braves,90182496,1,59.3
2004,Baltimore Orioles,51623332,0,48.1
2004,Boston Red Sox,127298496,0,60.5
2004,Chicago Cubs,90560000,1,54.9
2004,Chicago White Sox,65212500,0,51.2
2004,Cincinnati Reds,46615248,1,46.9
2004,Cleveland Indians,34319300,0,49.4
2004,Colorado Rockies,65445168,1,42
2004,Detroit Tigers,46832000,0,44.4
2004,Florida Marlins,42143040,1,51.2
2004,Houston Astros,75397000,1,56.8
2004,Kansas City Royals,47609000,0,35.8
2004,Los Angeles Dodgers,92902000,1,57.4
2004,Milwaukee Brewers,27528500,1,41.6
2004,Minnesota Twins,53585000,0,56.8
2004,Montreal Expos,41197500,1,41.4
2004,New York Mets,96660968,1,43.8
2004,New York Yankees,184193952,0,62.3
2004,Oakland Athletics,59425668,0,56.2
2004,Philadelphia Phillies,93219168,1,53
2004,Pittsburgh Pirates,32227928,1,44.7
2004,San Diego Padres,55384832,1,53.7
2004,San Fransisco Giants,82019168,1,56.2
2004,Seattle Mariners,81515832,0,38.9
2004,St. Louis Cardinals,83228336,1,64.8
2004,Tampa Bay Devil Rays,29556668,0,43.5
2004,Texas Rangers,55050416,0,54.9
2004,Toronto Blue Jays,50017000,0,41.6
