"year","team","payroll","national","win","n_players_used","total_salary","top_n_payroll_share","payrollmil"
2003,"Anenheim Angels",79031664,0,47.5,5,44650000,56.4963430353687,79.031664
2003,"Arizona Diamondbacks",80657000,1,51.9,5,48083333,59.6145814994359,80.657
2003,"Atlanta Braves",106243664,1,62.3,5,65125000,61.2977730135512,106.243664
2003,"Baltimore Orioles",73877504,0,43.8,5,37680000,51.0033473789261,73.877504
2003,"Boston Red Sox",99946496,0,58.6,5,59500000,59.5318519220524,99.946496
2003,"Chicago Cubs",79868336,1,54.3,5,45815000,57.3631582859069,79.868336
2003,"Chicago White Sox",51010000,0,53.1,5,33500000,65.6733973730641,51.01
2003,"Cincinnati Reds",59355668,1,42.6,5,35800000,60.3143746945953,59.355668
2003,"Cleveland Indians",48584832,0,42,6,34458334,70.9240571213666,48.584832
2003,"Colorado Rockies",67179664,1,45.7,6,49366667,73.4845399048141,67.179664
2003,"Detroit Tigers",49168000,0,26.5,5,34800000,70.7777416205662,49.168
2003,"Florida Marlins",48750000,1,56.2,5,26250000,53.8461538461538,48.75
2003,"Houston Astros",71040000,1,53.7,5,46750000,65.8079954954955,71.04
2003,"Kansas City Royals",40518000,0,51.2,5,27250000,67.2540599239844,40.518
2003,"Los Angeles Dodgers",105872624,1,52.5,5,61880953,58.448492785066,105.872624
2003,"Milwaukee Brewers",40627000,1,42,5,26462500,65.1352548797598,40.627
2003,"Minnesota Twins",55505000,0,55.6,5,31650000,57.021889919827,55.505
2003,"Montreal Expos",51948500,1,51.2,5,33600000,64.6794421398116,51.9485
2003,"New York Mets",117176432,1,41,5,63904763,54.5372152994042,117.176432
2003,"New York Yankees",152749808,0,62.3,5,64457143,42.1978553321651,152.749808
2003,"Oakland Athletics",50260832,0,59.3,5,29683334,59.0585806458596,50.260832
2003,"Philadelphia Phillies",70780000,1,53.1,5,42616667,60.210040972026,70.78
2003,"Pittsburgh Pirates",54812428,1,45.7,5,32119762,58.599414716677,54.812428
2003,"San Diego Padres",45210000,1,39.5,6,33050000,73.103295731033,45.21
2003,"San Fransisco Giants",82852168,1,62.1,5,43287500,52.2466714449766,82.852168
2003,"Seattle Mariners",86959168,0,57.4,5,37991667,43.6890875036891,86.959168
2003,"St. Louis Cardinals",83786664,1,52.5,6,47708333,56.94024648123,83.786664
2003,"Tampa Bay Devil Rays",19630000,0,38.9,5,13500000,68.7722873153337,19.63
2003,"Texas Rangers",103491664,0,43.8,6,73150000,70.6820213075326,103.491664
2003,"Toronto Blue Jays",51269000,0,53.1,5,37975000,74.0701008406639,51.269
2004,"Anenheim Angels",100534664,0,56.8,5,50466667,50.1982748955127,100.534664
2004,"Arizona Diamondbacks",69780752,1,31.5,5,46975000,67.3179904968637,69.780752
2004,"Atlanta Braves",90182496,1,59.3,5,61125000,67.779228465799,90.182496
2004,"Baltimore Orioles",51623332,0,48.1,5,26500000,51.3333777060342,51.623332
2004,"Boston Red Sox",127298496,0,60.5,6,78400000,61.5875304606898,127.298496
2004,"Chicago Cubs",90560000,1,54.9,5,45666667,50.4269732773852,90.56
2004,"Chicago White Sox",65212500,0,51.2,5,40875000,62.6797009775733,65.2125
2004,"Cincinnati Reds",46615248,1,46.9,5,31550000,67.6817165061527,46.615248
2004,"Cleveland Indians",34319300,0,49.4,6,24075000,70.1500321976264,34.3193
2004,"Colorado Rockies",65445168,1,42,5,51266667,78.3352974202771,65.445168
2004,"Detroit Tigers",46832000,0,44.4,5,29600000,63.2046463956269,46.832
2004,"Florida Marlins",42143040,1,51.2,5,22191667,52.6579643993409,42.14304
2004,"Houston Astros",75397000,1,56.8,5,50500000,66.978792259639,75.397
2004,"Kansas City Royals",47609000,0,35.8,6,32650000,68.5794702682266,47.609
2004,"Los Angeles Dodgers",92902000,1,57.4,5,51316667,55.2374190006674,92.902
2004,"Milwaukee Brewers",27528500,1,41.6,5,18384167,66.7823056105491,27.5285
2004,"Minnesota Twins",53585000,0,56.8,5,3.3e+07,61.5843986190165,53.585
2004,"Montreal Expos",41197500,1,41.4,6,26925000,65.3559075186601,41.1975
2004,"New York Mets",96660968,1,43.8,5,60799304,62.8995397604543,96.660968
2004,"New York Yankees",184193952,0,62.3,5,85314286,46.3176369656263,184.193952
2004,"Oakland Athletics",59425668,0,56.2,5,31941667,53.7506233838213,59.425668
2004,"Philadelphia Phillies",93219168,1,53,5,50766667,54.4594723265498,93.219168
2004,"Pittsburgh Pirates",32227928,1,44.7,5,21146429,65.6152297473173,32.227928
2004,"San Diego Padres",55384832,1,53.7,5,33883333,61.1780008649299,55.384832
2004,"San Fransisco Giants",82019168,1,56.2,6,54920833,66.9609730740014,82.019168
2004,"Seattle Mariners",81515832,0,38.9,5,36075000,44.2552067676866,81.515832
2004,"St. Louis Cardinals",83228336,1,64.8,5,46208333,55.5199529640963,83.228336
2004,"Tampa Bay Devil Rays",29556668,0,43.5,5,16166667,54.6971904952209,29.556668
2004,"Texas Rangers",55050416,0,54.9,5,34766667,63.154231205083,55.050416
2004,"Toronto Blue Jays",50017000,0,41.6,5,33800000,67.577023811904,50.017
